date,pair,new_trades
2019-09-02,EURJPY,2
2019-09-02,XAUUSD,10
2019-09-02,AUDJPY,3
2019-09-02,GBPJPY,2
2019-09-02,GBPNZD,1
2019-09-02,XAGUSD,5
2019-09-02,CHFJPY,2
2019-09-02,USDJPY,2
2019-09-03,EURJPY,2
2019-09-03,XAUUSD,9
2019-09-03,GBPJPY,2
2019-09-03,GBPCHF,2
2019-09-03,XAGUSD,5
2019-09-03,CHFJPY,3
2019-09-03,EURCHF,1
2019-09-03,GBPAUD,1
2019-09-03,AUDJPY,2
2019-09-04,USDJPY,3
2019-09-04,XAUUSD,5
2019-09-04,EURJPY,2
2019-09-04,AUDJPY,3
2019-09-04,GBPCHF,1
2019-09-04,CADJPY,1
2019-09-04,XAGUSD,6
2019-09-04,GBPJPY,3
2019-09-04,GBPNZD,2
2019-09-04,CHFJPY,1
2019-09-05,NZDJPY,1
2019-09-05,USDJPY,3
2019-09-05,EURJPY,2
2019-09-05,XAUUSD,6
2019-09-05,AUDJPY,2
2019-09-05,CADJPY,1
2019-09-05,GBPCHF,1
2019-09-05,XAGUSD,6
2019-09-05,GBPJPY,1
2019-09-05,GBPNZD,3
2019-09-05,CHFJPY,1
2019-09-06,USDJPY,2
2019-09-06,NZDJPY,1
2019-09-06,XAUUSD,9
2019-09-06,EURJPY,1
2019-09-06,CADJPY,1
2019-09-06,XAGUSD,6
2019-09-06,GBPNZD,3
2019-09-06,GBPJPY,3
2019-09-06,AUDJPY,1
2019-09-09,NZDJPY,1
2019-09-09,USDJPY,2
2019-09-09,CADJPY,1
2019-09-09,EURJPY,1
2019-09-09,XAUUSD,6
2019-09-09,GBPCHF,2
2019-09-09,XAGUSD,8
2019-09-09,GBPNZD,4
2019-09-09,GBPJPY,1
2019-09-09,AUDJPY,1
2019-09-10,GBPJPY,5
2019-09-10,NZDJPY,1
2019-09-10,AUDJPY,2
2019-09-10,EURJPY,2
2019-09-10,XAUUSD,8
2019-09-10,XAGUSD,7
2019-09-10,GBPNZD,1
2019-09-10,USDJPY,1
2019-09-11,GBPJPY,4
2019-09-11,AUDJPY,2
2019-09-11,NZDJPY,2
2019-09-11,USDJPY,2
2019-09-11,EURJPY,1
2019-09-11,XAUUSD,6
2019-09-11,GBPCHF,1
2019-09-11,XAGUSD,7
2019-09-11,GBPNZD,2
2019-09-12,GBPJPY,4
2019-09-12,AUDJPY,2
2019-09-12,XAUUSD,8
2019-09-12,USDJPY,2
2019-09-12,EURJPY,1
2019-09-12,GBPCHF,1
2019-09-12,XAGUSD,6
2019-09-12,GBPNZD,3
2019-09-13,GBPJPY,3
2019-09-13,AUDJPY,2
2019-09-13,CADJPY,1
2019-09-13,NZDJPY,1
2019-09-13,USDJPY,2
2019-09-13,XAUUSD,8
2019-09-13,EURJPY,1
2019-09-13,XAGUSD,7
2019-09-13,GBPNZD,2
2019-09-16,NZDJPY,1
2019-09-16,USDJPY,2
2019-09-16,XAUUSD,10
2019-09-16,EURJPY,1
2019-09-16,XAGUSD,7
2019-09-16,GBPJPY,4
2019-09-16,GBPNZD,1
2019-09-16,AUDJPY,1
2019-09-17,NZDJPY,1
2019-09-17,USDJPY,1
2019-09-17,XAUUSD,10
2019-09-17,EURJPY,2
2019-09-17,XAGUSD,6
2019-09-17,GBPUSD,1
2019-09-17,GBPJPY,2
2019-09-17,GBPNZD,3
2019-09-17,AUDJPY,1
2019-09-18,USDJPY,3
2019-09-18,EURJPY,2
2019-09-18,XAUUSD,9
2019-09-18,AUDJPY,1
2019-09-18,XAGUSD,8
2019-09-18,GBPJPY,1
2019-09-18,GBPCAD,1
2019-09-18,GBPNZD,1
2019-09-18,EURAUD,1
2019-09-23,XAUUSD,8
2019-09-23,EURJPY,1
2019-09-23,GBPJPY,4
2019-09-23,XAGUSD,9
2019-09-23,AUDJPY,2
2019-09-23,GBPNZD,1
2019-09-23,USDJPY,1
2019-09-23,EURAUD,1
2019-09-27,EURJPY,1
2019-09-27,XAUUSD,9
2019-09-27,GBPJPY,7
2019-09-27,XAGUSD,5
2019-09-27,USDJPY,1
2019-09-27,GBPNZD,2
2019-09-27,AUDJPY,1
2019-09-27,EURAUD,1
2019-10-02,USDJPY,2
2019-10-02,XAUUSD,10
2019-10-02,EURJPY,1
2019-10-02,GBPCHF,1
2019-10-02,GBPJPY,3
2019-10-02,XAGUSD,5
2019-10-02,GBPNZD,3
2019-10-02,AUDJPY,1
2019-10-02,EURAUD,1
2019-10-07,GBPJPY,4
2019-10-07,XAUUSD,10
2019-10-07,EURJPY,1
2019-10-07,AUDJPY,2
2019-10-07,XAGUSD,5
2019-10-07,GBPNZD,4
2019-10-07,GBPCAD,1
2019-10-14,XAGUSD,6
2019-10-14,GBPJPY,8
2019-10-14,XAUUSD,9
2019-10-14,EURJPY,1
2019-10-14,GBPUSD,2
2019-10-14,EURAUD,1
2019-10-21,XAUUSD,8
2019-10-21,CADJPY,1
2019-10-21,XAGUSD,6
2019-10-21,GBPUSD,2
2019-10-21,GBPJPY,3
2019-10-21,NZDJPY,3
2019-10-21,EURJPY,1
2019-10-21,GBPNZD,2
2019-10-21,EURAUD,1
2019-11-04,AUDJPY,1
2019-11-04,XAUUSD,11
2019-11-04,NZDJPY,2
2019-11-04,GBPJPY,7
2019-11-04,EURJPY,1
2019-11-04,GBPCHF,1
2019-11-04,XAGUSD,4
2019-11-11,XAUUSD,7
2019-11-11,XAGUSD,6
2019-11-11,AUDJPY,3
2019-11-11,NZDJPY,3
2019-11-11,GBPJPY,5
2019-11-11,USDJPY,1
2019-11-11,CADJPY,1
2019-11-11,EURJPY,1
2019-11-18,XAUUSD,8
2019-11-18,GBPJPY,9
2019-11-18,AUDJPY,2
2019-11-18,NZDJPY,2
2019-11-18,EURJPY,1
2019-11-18,CADJPY,1
2019-11-18,XAGUSD,4
2019-12-02,XAUUSD,9
2019-12-02,AUDJPY,2
2019-12-02,GBPJPY,7
2019-12-02,GBPCHF,1
2019-12-02,USDJPY,2
2019-12-02,NZDJPY,2
2019-12-02,EURJPY,1
2019-12-02,XAGUSD,3
2019-12-09,XAUUSD,11
2019-12-09,NZDJPY,3
2019-12-09,EURJPY,2
2019-12-09,CADJPY,1
2019-12-09,GBPNZD,2
2019-12-09,GBPJPY,4
2019-12-09,GBPAUD,1
2019-12-09,XAGUSD,3
2019-12-16,GBPJPY,6
2019-12-16,XAUUSD,9
2019-12-16,XAGUSD,3
2019-12-16,AUDJPY,2
2019-12-16,USDJPY,2
2019-12-16,NZDJPY,2
2019-12-16,CADJPY,1
2019-12-16,EURJPY,2
2019-12-23,GBPJPY,7
2019-12-23,XAUUSD,9
2019-12-23,USDJPY,4
2019-12-23,AUDJPY,1
2019-12-23,NZDJPY,1
2019-12-23,CADJPY,1
2019-12-23,EURJPY,2
2019-12-23,XAGUSD,2
2020-01-01,USDJPY,2
2020-01-01,XAGUSD,4
2020-01-01,AUDJPY,2
2020-01-01,NZDJPY,2
2020-01-01,XAUUSD,9
2020-01-01,CADJPY,2
2020-01-01,EURJPY,2
2020-01-01,GBPJPY,4
2020-01-08,GBPJPY,4
2020-01-08,XAUUSD,10
2020-01-08,USDJPY,2
2020-01-08,CADJPY,2
2020-01-08,EURJPY,4
2020-01-08,AUDJPY,2
2020-01-08,XAGUSD,3
2020-01-14,GBPJPY,5
2020-01-14,XAUUSD,10
2020-01-14,USDJPY,1
2020-01-14,CADJPY,2
2020-01-14,EURJPY,4
2020-01-14,AUDJPY,2
2020-01-14,XAGUSD,3
2020-01-21,GBPJPY,6
2020-01-21,USDJPY,3
2020-01-21,XAUUSD,7
2020-01-21,AUDJPY,4
2020-01-21,EURJPY,3
2020-01-21,XAGUSD,4
2020-01-31,GBPJPY,5
2020-01-31,EURJPY,7
2020-01-31,XAUUSD,10
2020-01-31,NZDJPY,2
2020-01-31,XAGUSD,3
2020-02-10,USDJPY,1
2020-02-10,GBPJPY,5
2020-02-10,XAUUSD,9
2020-02-10,EURJPY,5
2020-02-10,NZDJPY,3
2020-02-10,XAGUSD,4
2020-02-20,XAUUSD,11
2020-02-20,AUDJPY,2
2020-02-20,NZDJPY,2
2020-02-20,GBPJPY,3
2020-02-20,CADJPY,2
2020-02-20,USDJPY,3
2020-02-20,EURJPY,2
2020-02-20,XAGUSD,2
2020-03-02,CHFJPY,6
2020-03-02,GBPJPY,4
2020-03-02,NZDJPY,3
2020-03-02,AUDJPY,6
2020-03-02,CADJPY,7
2020-03-02,XAGUSD,1
2020-03-09,USDNOK,2
2020-03-09,XAUUSD,15
2020-03-09,GBPJPY,1
2020-03-09,AUDJPY,1
2020-03-09,GBPCHF,2
2020-03-09,XAGUSD,5
2020-03-09,GBPCAD,1
2020-03-16,XAUUSD,16
2020-03-16,XAGUSD,9
2020-03-16,USDSEK,2
2020-03-23,USDNOK,12
2020-03-23,NZDJPY,4
2020-03-23,GBPJPY,1
2020-03-23,XAUUSD,3
2020-03-23,USDCHF,3
2020-03-23,AUDJPY,4
2020-03-30,XAGUSD,5
2020-03-30,XAUUSD,8
2020-03-30,CHFJPY,4
2020-03-30,GBPCHF,1
2020-03-30,AUDJPY,4
2020-03-30,NZDJPY,3
2020-03-30,AUDUSD,2
2020-04-06,XAGUSD,1
2020-04-06,CHFJPY,8
2020-04-06,XAUUSD,13
2020-04-06,EURJPY,2
2020-04-06,USDCHF,1
2020-04-06,GBPJPY,1
2020-04-06,NZDJPY,1
2020-04-13,XAGUSD,1
2020-04-13,CHFJPY,8
2020-04-13,XAUUSD,13
2020-04-13,NZDJPY,1
2020-04-13,GBPAUD,2
2020-04-13,EURJPY,1
2020-04-13,GBPNZD,1
2020-04-21,XAGUSD,1
2020-04-21,CADJPY,2
2020-04-21,XAUUSD,11
2020-04-21,EURUSD,1
2020-04-21,GBPJPY,3
2020-04-21,USDSEK,1
2020-04-21,CHFJPY,4
2020-04-21,USDJPY,1
2020-04-21,GBPAUD,2
2020-04-21,GBPNZD,1
2020-05-04,XAGUSD,4
2020-05-04,XAUUSD,13
2020-05-04,CHFJPY,4
2020-05-04,CADJPY,2
2020-05-04,GBPJPY,1
2020-05-04,EURJPY,1
2020-05-04,GBPAUD,2
2020-05-12,XAGUSD,4
2020-05-12,EURJPY,3
2020-05-12,GBPCHF,1
2020-05-12,XAUUSD,12
2020-05-12,EURCHF,1
2020-05-12,NZDJPY,1
2020-05-12,GBPJPY,2
2020-05-12,USDJPY,1
2020-05-12,GBPAUD,1
2020-05-12,GBPNZD,1
2020-05-21,GBPCHF,1
2020-05-21,XAUUSD,13
2020-05-21,XAGUSD,8
2020-05-21,EURJPY,2
2020-05-21,GBPJPY,1
2020-05-21,CADJPY,1
2020-05-21,EURSEK,1
2020-06-01,AUDUSD,1
2020-06-01,USDJPY,3
2020-06-01,USDNOK,1
2020-06-01,XAUUSD,10
2020-06-01,XAGUSD,8
2020-06-01,EURJPY,2
2020-06-01,NZDJPY,1
2020-06-01,GBPJPY,1
2020-06-05,NZDJPY,1
2020-06-05,AUDUSD,1
2020-06-05,AUDJPY,3
2020-06-05,XAGUSD,7
2020-06-05,XAUUSD,7
2020-06-05,USDJPY,3
2020-06-05,CADJPY,2
2020-06-05,GBPJPY,2
2020-06-05,EURJPY,1
2020-06-11,XAUUSD,8
2020-06-11,NZDJPY,4
2020-06-11,XAGUSD,7
2020-06-11,CADJPY,2
2020-06-11,EURJPY,1
2020-06-11,CHFJPY,4
2020-06-11,GBPJPY,1
2020-06-15,XAGUSD,8
2020-06-15,XAUUSD,6
2020-06-15,CHFJPY,7
2020-06-15,CADJPY,1
2020-06-15,NZDJPY,2
2020-06-15,GBPJPY,1
2020-06-15,EURCHF,1
2020-06-15,USDSEK,1
2020-06-22,CADJPY,3
2020-06-22,EURJPY,1
2020-06-22,USDJPY,4
2020-06-22,XAUUSD,7
2020-06-22,XAGUSD,7
2020-06-22,NZDJPY,1
2020-06-22,GBPJPY,1
2020-06-22,EURCHF,1
2020-06-22,CHFJPY,1
2020-06-22,USDSEK,1
2020-06-29,CADJPY,3
2020-06-29,XAUUSD,9
2020-06-29,NZDUSD,1
2020-06-29,XAGUSD,7
2020-06-29,AUDJPY,1
2020-06-29,EURJPY,2
2020-06-29,USDJPY,2
2020-06-29,GBPJPY,1
2020-06-29,USDSEK,1
2020-07-06,NZDJPY,2
2020-07-06,AUDJPY,1
2020-07-06,GBPJPY,3
2020-07-06,XAGUSD,7
2020-07-06,XAUUSD,8
2020-07-06,CADJPY,1
2020-07-06,USDJPY,3
2020-07-06,EURJPY,2
2020-07-13,AUDJPY,1
2020-07-13,GBPJPY,2
2020-07-13,NZDJPY,3
2020-07-13,XAGUSD,8
2020-07-13,CADJPY,2
2020-07-13,XAUUSD,7
2020-07-13,EURJPY,2
2020-07-13,USDJPY,2
2020-07-20,GBPJPY,3
2020-07-20,AUDJPY,1
2020-07-20,XAGUSD,9
2020-07-20,NZDJPY,3
2020-07-20,CADJPY,2
2020-07-20,XAUUSD,6
2020-07-20,EURJPY,1
2020-07-20,USDJPY,2
2020-07-29,GBPJPY,3
2020-07-29,NZDJPY,1
2020-07-29,EURNOK,2
2020-07-29,CADJPY,4
2020-07-29,AUDUSD,3
2020-07-29,USDNOK,4
2020-07-29,EURJPY,3
2020-07-29,AUDJPY,2
2020-07-29,XAUUSD,4
2020-07-29,USDJPY,1
2020-08-05,GBPJPY,3
2020-08-05,NZDJPY,3
2020-08-05,USDJPY,2
2020-08-05,EURNOK,1
2020-08-05,CADJPY,5
2020-08-05,XAUUSD,6
2020-08-05,USDNOK,2
2020-08-05,EURJPY,2
2020-08-05,AUDJPY,2
2020-08-05,USDCAD,1
2020-08-12,XAUUSD,11
2020-08-12,GBPJPY,3
2020-08-12,NZDJPY,1
2020-08-12,AUDJPY,4
2020-08-12,CADJPY,3
2020-08-12,USDJPY,1
2020-08-12,EURJPY,2
2020-08-12,USDNOK,1
2020-08-12,EURUSD,1
2020-08-19,XAGUSD,6
2020-08-19,XAUUSD,10
2020-08-19,CADJPY,3
2020-08-19,USDJPY,1
2020-08-19,EURJPY,2
2020-08-19,AUDJPY,2
2020-08-19,USDNOK,1
2020-08-19,GBPJPY,1
2020-08-19,EURUSD,1
2020-08-31,XAGUSD,8
2020-08-31,AUDJPY,2
2020-08-31,USDJPY,1
2020-08-31,GBPJPY,2
2020-08-31,XAUUSD,6
2020-08-31,CADJPY,2
2020-08-31,EURJPY,2
2020-08-31,NZDJPY,1
2020-08-31,USDNOK,2
2020-08-31,EURUSD,1
2020-09-07,XAGUSD,8
2020-09-07,XAUUSD,11
2020-09-07,NZDJPY,1
2020-09-07,GBPJPY,2
2020-09-07,USDJPY,1
2020-09-07,EURJPY,2
2020-09-07,AUDJPY,1
2020-09-07,EURUSD,1
2020-09-14,XAGUSD,6
2020-09-14,GBPAUD,1
2020-09-14,XAUUSD,12
2020-09-14,GBPNZD,1
2020-09-14,CADJPY,3
2020-09-14,GBPJPY,1
2020-09-14,EURJPY,2
2020-09-14,EURUSD,1
2020-09-21,XAGUSD,7
2020-09-21,CADJPY,3
2020-09-21,USDJPY,3
2020-09-21,XAUUSD,10
2020-09-21,EURJPY,1
2020-09-21,GBPJPY,2
2020-09-21,GBPNZD,1
2020-09-28,XAGUSD,9
2020-09-28,AUDUSD,1
2020-09-28,CADJPY,4
2020-09-28,NZDUSD,2
2020-09-28,GBPJPY,2
2020-09-28,EURJPY,1
2020-09-28,XAUUSD,7
2020-09-28,USDSEK,1
2020-10-05,NZDJPY,1
2020-10-05,GBPJPY,2
2020-10-05,XAGUSD,7
2020-10-05,CADJPY,3
2020-10-05,XAUUSD,11
2020-10-05,AUDJPY,1
2020-10-05,EURJPY,1
2020-10-05,USDSEK,1
2020-10-12,XAGUSD,7
2020-10-12,AUDJPY,3
2020-10-12,NZDJPY,2
2020-10-12,USDSEK,1
2020-10-12,USDNOK,1
2020-10-12,CADJPY,2
2020-10-12,XAUUSD,7
2020-10-12,EURJPY,2
2020-10-12,GBPJPY,1
2020-10-12,EURUSD,1
2020-10-19,XAGUSD,8
2020-10-19,USDNOK,2
2020-10-19,GBPJPY,3
2020-10-19,CADJPY,2
2020-10-19,XAUUSD,7
2020-10-19,AUDJPY,2
2020-10-19,NZDJPY,1
2020-10-19,USDSEK,1
2020-10-19,EURJPY,1
2020-10-27,GBPJPY,4
2020-10-27,XAGUSD,10
2020-10-27,XAUUSD,9
2020-10-27,NZDJPY,1
2020-10-27,EURJPY,1
2020-10-27,CADJPY,1
2020-10-27,USDSEK,1
2020-11-04,CADJPY,3
2020-11-04,XAGUSD,6
2020-11-04,USDJPY,3
2020-11-04,XAUUSD,10
2020-11-04,AUDJPY,2
2020-11-04,NZDJPY,2
2020-11-04,GBPJPY,1
2020-11-11,XAGUSD,8
2020-11-11,AUDJPY,2
2020-11-11,GBPJPY,3
2020-11-11,CADJPY,4
2020-11-11,XAUUSD,7
2020-11-11,EURJPY,2
2020-11-11,NZDJPY,1
2020-11-18,GBPJPY,5
2020-11-18,XAGUSD,8
2020-11-18,CADJPY,2
2020-11-18,EURJPY,3
2020-11-18,XAUUSD,5
2020-11-18,AUDJPY,2
2020-11-18,NZDJPY,2
2020-11-30,NZDJPY,4
2020-11-30,XAUUSD,6
2020-11-30,XAGUSD,5
2020-11-30,AUDJPY,2
2020-11-30,CADJPY,3
2020-11-30,USDNOK,1
2020-11-30,GBPJPY,3
2020-11-30,EURJPY,3
2020-12-07,USDNOK,2
2020-12-07,XAGUSD,6
2020-12-07,AUDJPY,2
2020-12-07,CADJPY,3
2020-12-07,XAUUSD,5
2020-12-07,USDJPY,1
2020-12-07,EURJPY,5
2020-12-07,NZDJPY,2
2020-12-07,GBPJPY,1
2020-12-14,NZDJPY,4
2020-12-14,USDNOK,1
2020-12-14,AUDJPY,4
2020-12-14,XAGUSD,4
2020-12-14,CADJPY,3
2020-12-14,XAUUSD,5
2020-12-14,USDJPY,1
2020-12-14,EURJPY,4
2020-12-14,GBPNZD,1
2020-12-21,XAGUSD,8
2020-12-21,NZDJPY,3
2020-12-21,CADJPY,3
2020-12-21,XAUUSD,4
2020-12-21,USDJPY,1
2020-12-21,EURJPY,4
2020-12-21,AUDJPY,1
2020-12-21,GBPAUD,1
2020-12-21,GBPNZD,1
2020-12-21,GBPJPY,1
2020-12-28,GBPAUD,1
2020-12-28,GBPCHF,1
2020-12-28,AUDJPY,1
2020-12-28,XAGUSD,6
2020-12-28,NZDJPY,3
2020-12-28,CADJPY,3
2020-12-28,XAUUSD,4
2020-12-28,USDJPY,2
2020-12-28,EURJPY,4
2020-12-28,GBPJPY,2
2021-01-04,AUDJPY,1
2021-01-04,GBPJPY,2
2021-01-04,XAGUSD,7
2021-01-04,NZDJPY,4
2021-01-04,CADJPY,1
2021-01-04,XAUUSD,4
2021-01-04,USDJPY,2
2021-01-04,AUDUSD,1
2021-01-04,EURJPY,5
2021-01-11,XAGUSD,8
2021-01-11,AUDJPY,3
2021-01-11,GBPJPY,4
2021-01-11,XAUUSD,3
2021-01-11,CADJPY,3
2021-01-11,NZDJPY,2
2021-01-11,USDJPY,2
2021-01-11,EURJPY,2
2021-01-18,NZDJPY,4
2021-01-18,XAGUSD,8
2021-01-18,GBPJPY,3
2021-01-18,XAUUSD,3
2021-01-18,CADJPY,2
2021-01-18,USDJPY,3
2021-01-18,EURJPY,3
2021-01-18,GBPNZD,1
2021-01-27,NZDJPY,5
2021-01-27,XAGUSD,9
2021-01-27,GBPJPY,4
2021-01-27,XAUUSD,3
2021-01-27,CADJPY,1
2021-01-27,AUDJPY,2
2021-01-27,EURJPY,2
2021-01-27,GBPNZD,1
2021-02-03,AUDUSD,1
2021-02-03,NZDJPY,4
2021-02-03,GBPJPY,6
2021-02-03,NZDUSD,1
2021-02-03,XAUUSD,6
2021-02-03,CADJPY,3
2021-02-03,EURJPY,3
2021-02-03,AUDJPY,2
2021-02-03,GBPAUD,1
2021-02-10,USDNOK,1
2021-02-10,AUDJPY,3
2021-02-10,NZDJPY,5
2021-02-10,GBPJPY,5
2021-02-10,AUDUSD,1
2021-02-10,NZDUSD,1
2021-02-10,XAUUSD,5
2021-02-10,CADJPY,3
2021-02-10,EURJPY,3
2021-02-17,AUDJPY,5
2021-02-17,NZDJPY,4
2021-02-17,XAUUSD,5
2021-02-17,AUDUSD,2
2021-02-17,NZDUSD,2
2021-02-17,GBPJPY,3
2021-02-17,CADJPY,3
2021-02-17,EURJPY,2
2021-02-17,GBPAUD,1
2021-03-01,CADJPY,3
2021-03-01,GBPJPY,5
2021-03-01,GBPNZD,2
2021-03-01,XAUUSD,7
2021-03-01,AUDJPY,3
2021-03-01,EURJPY,3
2021-03-01,USDJPY,2
2021-03-01,GBPAUD,2
2021-03-08,GBPJPY,5
2021-03-08,CADJPY,5
2021-03-08,EURJPY,4
2021-03-08,GBPNZD,2
2021-03-08,XAUUSD,5
2021-03-08,AUDJPY,1
2021-03-08,NZDJPY,2
2021-03-08,USDJPY,1
2021-03-08,GBPAUD,2
2021-03-15,NZDJPY,3
2021-03-15,AUDJPY,5
2021-03-15,AUDUSD,1
2021-03-15,GBPJPY,4
2021-03-15,CADJPY,4
2021-03-15,XAUUSD,6
2021-03-15,EURJPY,1
2021-03-15,GBPNZD,1
2021-03-15,USDJPY,1
2021-03-15,GBPAUD,1
2021-03-22,AUDJPY,2
2021-03-22,NZDJPY,4
2021-03-22,GBPJPY,5
2021-03-22,AUDUSD,1
2021-03-22,CADJPY,3
2021-03-22,XAUUSD,5
2021-03-22,EURJPY,5
2021-03-22,GBPNZD,1
2021-03-22,USDJPY,1
2021-03-29,NZDJPY,2
2021-03-29,NZDUSD,1
2021-03-29,AUDUSD,1
2021-03-29,GBPJPY,4
2021-03-29,CADJPY,4
2021-03-29,EURJPY,5
2021-03-29,AUDJPY,2
2021-03-29,XAUUSD,4
2021-03-29,GBPNZD,2
2021-03-29,GBPAUD,1
2021-03-29,USDJPY,1
2021-04-05,XAGUSD,1
2021-04-05,AUDJPY,5
2021-04-05,NZDJPY,1
2021-04-05,NZDUSD,1
2021-04-05,GBPJPY,4
2021-04-05,XAUUSD,5
2021-04-05,CADJPY,4
2021-04-05,EURJPY,3
2021-04-05,GBPNZD,2
2021-04-05,USDJPY,1
2021-04-12,XAUUSD,4
2021-04-12,XAGUSD,6
2021-04-12,NZDJPY,3
2021-04-12,GBPJPY,5
2021-04-12,CADJPY,3
2021-04-12,EURJPY,2
2021-04-12,AUDJPY,2
2021-04-12,GBPNZD,2
2021-04-19,NZDJPY,5
2021-04-19,AUDJPY,3
2021-04-19,XAGUSD,4
2021-04-19,CADJPY,3
2021-04-19,GBPJPY,3
2021-04-19,XAUUSD,4
2021-04-19,EURJPY,2
2021-04-19,USDJPY,1
2021-04-19,GBPAUD,1
2021-04-19,GBPNZD,1
2021-04-27,AUDJPY,3
2021-04-27,NZDJPY,6
2021-04-27,XAGUSD,5
2021-04-27,CADJPY,2
2021-04-27,GBPJPY,3
2021-04-27,XAUUSD,4
2021-04-27,EURJPY,2
2021-04-27,USDJPY,1
2021-04-27,GBPNZD,1
2021-05-04,XAGUSD,7
2021-05-04,AUDJPY,6
2021-05-04,CADJPY,3
2021-05-04,GBPJPY,2
2021-05-04,AUDUSD,1
2021-05-04,XAUUSD,4
2021-05-04,NZDJPY,2
2021-05-04,GBPAUD,1
2021-05-04,GBPNZD,1
2021-05-11,XAGUSD,8
2021-05-11,AUDJPY,5
2021-05-11,NZDJPY,4
2021-05-11,CADJPY,1
2021-05-11,GBPJPY,2
2021-05-11,XAUUSD,4
2021-05-11,GBPAUD,1
2021-05-11,GBPNZD,2
2021-05-18,XAGUSD,2
2021-05-18,USDNOK,1
2021-05-18,XAUUSD,7
2021-05-18,AUDJPY,5
2021-05-18,NZDJPY,5
2021-05-18,GBPJPY,3
2021-05-18,CADJPY,3
2021-05-18,GBPNZD,1
2021-05-28,XAGUSD,2
2021-05-28,XAUUSD,9
2021-05-28,USDNOK,1
2021-05-28,GBPJPY,4
2021-05-28,AUDJPY,3
2021-05-28,NZDJPY,5
2021-05-28,CADJPY,2
2021-05-28,GBPNZD,1
2021-06-04,XAGUSD,8
2021-06-04,EURNOK,1
2021-06-04,USDSEK,1
2021-06-04,CADJPY,2
2021-06-04,AUDJPY,3
2021-06-04,NZDJPY,4
2021-06-04,XAUUSD,5
2021-06-04,GBPJPY,2
2021-06-04,GBPAUD,1
2021-06-11,XAGUSD,6
2021-06-11,USDSEK,4
2021-06-11,XAUUSD,6
2021-06-11,AUDJPY,4
2021-06-11,NZDJPY,5
2021-06-11,GBPJPY,2
2021-06-18,XAGUSD,7
2021-06-18,XAUUSD,7
2021-06-18,AUDJPY,5
2021-06-18,NZDJPY,3
2021-06-18,CADJPY,2
2021-06-18,GBPJPY,3
2021-06-28,XAUUSD,9
2021-06-28,XAGUSD,7
2021-06-28,AUDJPY,4
2021-06-28,NZDJPY,3
2021-06-28,GBPJPY,2
2021-06-28,CADJPY,2
2021-07-05,XAUUSD,7
2021-07-05,XAGUSD,7
2021-07-05,AUDJPY,6
2021-07-05,NZDJPY,3
2021-07-05,GBPJPY,1
2021-07-05,CADJPY,3
2021-07-12,XAGUSD,8
2021-07-12,CADJPY,2
2021-07-12,GBPJPY,5
2021-07-12,XAUUSD,4
2021-07-12,AUDJPY,5
2021-07-12,EURJPY,2
2021-07-12,GBPAUD,1
2021-07-19,XAGUSD,8
2021-07-19,GBPJPY,4
2021-07-19,AUDUSD,1
2021-07-19,EURJPY,4
2021-07-19,AUDJPY,2
2021-07-19,XAUUSD,4
2021-07-19,NZDJPY,3
2021-07-19,GBPNZD,1
2021-07-27,XAUUSD,10
2021-07-27,XAGUSD,7
2021-07-27,GBPJPY,1
2021-07-27,AUDJPY,3
2021-07-27,NZDJPY,4
2021-07-27,EURJPY,2
2021-08-03,XAUUSD,10
2021-08-03,XAGUSD,7
2021-08-03,CADJPY,1
2021-08-03,GBPJPY,1
2021-08-03,NZDJPY,6
2021-08-03,AUDJPY,2
2021-08-10,XAGUSD,6
2021-08-10,XAUUSD,11
2021-08-10,GBPJPY,2
2021-08-10,NZDJPY,4
2021-08-10,AUDJPY,4
2021-08-17,XAUUSD,8
2021-08-17,XAGUSD,6
2021-08-17,NZDJPY,5
2021-08-17,CADJPY,1
2021-08-17,GBPJPY,2
2021-08-17,AUDUSD,1
2021-08-17,AUDJPY,4
2021-08-27,XAUUSD,8
2021-08-27,XAGUSD,6
2021-08-27,CADJPY,1
2021-08-27,NZDJPY,5
2021-08-27,GBPJPY,2
2021-08-27,AUDUSD,1
2021-08-27,AUDJPY,4
2021-09-03,XAUUSD,9
2021-09-03,CADJPY,1
2021-09-03,XAGUSD,6
2021-09-03,AUDJPY,5
2021-09-03,NZDJPY,4
2021-09-03,GBPJPY,1
2021-09-03,GBPAUD,1
2021-09-10,XAUUSD,8
2021-09-10,AUDJPY,4
2021-09-10,XAGUSD,6
2021-09-10,NZDJPY,4
2021-09-10,AUDUSD,1
2021-09-10,GBPJPY,3
2021-09-10,GBPAUD,1
2021-09-17,XAUUSD,10
2021-09-17,XAGUSD,6
2021-09-17,GBPJPY,2
2021-09-17,AUDJPY,5
2021-09-17,NZDJPY,2
2021-09-17,GBPAUD,1
2021-09-17,GBPNZD,1
2021-09-27,XAGUSD,5
2021-09-27,AUDJPY,5
2021-09-27,CADJPY,1
2021-09-27,XAUUSD,9
2021-09-27,GBPJPY,2
2021-09-27,NZDJPY,3
2021-09-27,GBPAUD,1
2021-09-27,GBPNZD,1
2021-10-04,XAUUSD,12
2021-10-04,XAGUSD,5
2021-10-04,AUDJPY,3
2021-10-04,NZDJPY,5
2021-10-04,GBPAUD,1
2021-10-04,GBPJPY,1
2021-10-11,XAUUSD,7
2021-10-11,AUDJPY,6
2021-10-11,NZDJPY,5
2021-10-11,XAGUSD,5
2021-10-11,CADJPY,1
2021-10-11,GBPJPY,2
2021-10-11,GBPAUD,1
2021-10-18,XAUUSD,7
2021-10-18,XAGUSD,4
2021-10-18,AUDJPY,7
2021-10-18,CADJPY,4
2021-10-18,NZDJPY,4
2021-10-18,GBPJPY,1
2021-10-26,XAGUSD,5
2021-10-26,XAUUSD,10
2021-10-26,AUDJPY,4
2021-10-26,CADJPY,3
2021-10-26,NZDJPY,3
2021-10-26,EURJPY,1
2021-10-26,GBPJPY,1
2021-11-02,XAGUSD,7
2021-11-02,XAUUSD,10
2021-11-02,NZDJPY,3
2021-11-02,CADJPY,1
2021-11-02,AUDJPY,3
2021-11-02,EURJPY,1
2021-11-02,GBPJPY,1
2021-11-02,USDSEK,1
2021-11-09,XAUUSD,6
2021-11-09,XAGUSD,8
2021-11-09,AUDJPY,5
2021-11-09,GBPJPY,2
2021-11-09,NZDJPY,3
2021-11-09,CADJPY,1
2021-11-09,EURJPY,1
2021-11-09,USDSEK,1
2021-11-16,XAGUSD,7
2021-11-16,GBPJPY,4
2021-11-16,AUDJPY,5
2021-11-16,NZDJPY,2
2021-11-16,CADJPY,1
2021-11-16,XAUUSD,5
2021-11-16,EURJPY,2
2021-11-16,EURAUD,1
2021-11-25,XAUUSD,5
2021-11-25,XAGUSD,6
2021-11-25,NZDJPY,4
2021-11-25,CADJPY,4
2021-11-25,GBPJPY,2
2021-11-25,EURJPY,4
2021-11-25,AUDJPY,2
2021-12-02,XAGUSD,6
2021-12-02,EURJPY,4
2021-12-02,CADJPY,4
2021-12-02,AUDJPY,4
2021-12-02,NZDJPY,2
2021-12-02,XAUUSD,4
2021-12-02,GBPJPY,3
2021-12-09,XAGUSD,6
2021-12-09,USDJPY,8
2021-12-09,AUDJPY,2
2021-12-09,EURJPY,3
2021-12-09,XAUUSD,4
2021-12-09,CADJPY,3
2021-12-09,GBPJPY,1
2021-12-16,XAUUSD,5
2021-12-16,XAGUSD,6
2021-12-16,GBPJPY,4
2021-12-16,AUDJPY,3
2021-12-16,CADJPY,3
2021-12-16,NZDJPY,4
2021-12-16,EURJPY,1
2021-12-16,USDJPY,1
2021-12-27,NZDJPY,4
2021-12-27,XAUUSD,6
2021-12-27,XAGUSD,7
2021-12-27,GBPJPY,3
2021-12-27,AUDJPY,5
2021-12-27,USDJPY,1
2021-12-27,CADJPY,1
2022-01-03,AUDJPY,4
2022-01-03,XAUUSD,6
2022-01-03,XAGUSD,7
2022-01-03,GBPJPY,3
2022-01-03,EURJPY,2
2022-01-03,NZDJPY,3
2022-01-03,USDJPY,1
2022-01-03,CADJPY,1
2022-01-10,XAUUSD,5
2022-01-10,NZDJPY,5
2022-01-10,XAGUSD,7
2022-01-10,CADJPY,2
2022-01-10,GBPJPY,3
2022-01-10,AUDJPY,4
2022-01-10,USDJPY,1
2022-01-17,XAUUSD,6
2022-01-17,XAGUSD,8
2022-01-17,GBPJPY,3
2022-01-17,USDJPY,4
2022-01-17,EURJPY,1
2022-01-17,AUDJPY,1
2022-01-17,NZDJPY,2
2022-01-17,CADJPY,1
2022-01-17,GBPAUD,1
2022-01-24,XAUUSD,6
2022-01-24,EURJPY,1
2022-01-24,XAGUSD,8
2022-01-24,AUDJPY,2
2022-01-24,NZDJPY,4
2022-01-24,GBPJPY,2
2022-01-24,CHFJPY,1
2022-01-24,CADJPY,2
2022-01-24,GBPNZD,1
2022-01-31,XAUUSD,4
2022-01-31,EURJPY,4
2022-01-31,XAGUSD,10
2022-01-31,AUDJPY,2
2022-01-31,USDJPY,2
2022-01-31,NZDJPY,1
2022-01-31,CADJPY,2
2022-01-31,GBPJPY,1
2022-01-31,GBPAUD,1
2022-02-07,XAUUSD,6
2022-02-07,XAGUSD,8
2022-02-07,CADJPY,3
2022-02-07,AUDJPY,3
2022-02-07,USDJPY,3
2022-02-07,EURJPY,1
2022-02-07,NZDJPY,1
2022-02-07,GBPJPY,1
2022-02-07,GBPAUD,1
2022-02-14,CHFJPY,8
2022-02-14,AUDJPY,5
2022-02-14,XAGUSD,5
2022-02-14,NZDJPY,1
2022-02-14,XAUUSD,4
2022-02-14,EURJPY,1
2022-02-14,CADJPY,1
2022-02-14,GBPAUD,1
2022-02-14,GBPNZD,1
2022-02-23,XAGUSD,8
2022-02-23,XAUUSD,7
2022-02-23,AUDJPY,1
2022-02-23,USDJPY,1
2022-02-23,NZDJPY,2
2022-02-23,EURJPY,2
2022-02-23,GBPJPY,1
2022-02-23,CHFJPY,1
2022-02-23,CADJPY,2
2022-02-23,GBPAUD,2
2022-03-02,XAGUSD,8
2022-03-02,AUDJPY,3
2022-03-02,GBPCHF,2
2022-03-02,CHFJPY,4
2022-03-02,XAUUSD,4
2022-03-02,CADJPY,3
2022-03-02,GBPJPY,2
2022-03-02,GBPAUD,1
2022-03-09,USDJPY,2
2022-03-09,EURJPY,1
2022-03-09,AUDJPY,1
2022-03-09,XAGUSD,2
2022-03-09,EURUSD,1
2022-03-09,XAUUSD,11
2022-03-09,CHFJPY,6
2022-03-09,NZDJPY,1
2022-03-09,CADJPY,1
2022-03-09,EURSEK,1
2022-03-16,EURJPY,3
2022-03-16,CADJPY,2
2022-03-16,XAGUSD,5
2022-03-16,GBPCHF,1
2022-03-16,GBPJPY,3
2022-03-16,USDJPY,5
2022-03-16,XAUUSD,6
2022-03-16,NZDJPY,1
2022-03-16,EURSEK,1
2022-03-25,EURJPY,5
2022-03-25,GBPJPY,5
2022-03-25,XAGUSD,1
2022-03-25,CADJPY,4
2022-03-25,USDJPY,2
2022-03-25,XAUUSD,5
2022-03-25,AUDJPY,1
2022-03-25,CHFJPY,1
2022-03-25,EURAUD,1
2022-03-25,NZDUSD,1
2022-03-25,EURCHF,1
2022-04-01,NZDJPY,4
2022-04-01,EURJPY,5
2022-04-01,GBPJPY,4
2022-04-01,XAGUSD,1
2022-04-01,CADJPY,1
2022-04-01,XAUUSD,7
2022-04-01,CHFJPY,2
2022-04-01,GBPCHF,1
2022-04-01,EURAUD,1
2022-04-01,NZDUSD,1
2022-04-08,EURJPY,5
2022-04-08,NZDJPY,4
2022-04-08,GBPJPY,8
2022-04-08,CADJPY,3
2022-04-08,XAGUSD,1
2022-04-08,XAUUSD,4
2022-04-08,EURAUD,1
2022-04-08,CHFJPY,1
2022-04-15,AUDJPY,1
2022-04-15,EURJPY,6
2022-04-15,NZDJPY,4
2022-04-15,GBPJPY,4
2022-04-15,XAGUSD,1
2022-04-15,CADJPY,2
2022-04-15,USDJPY,1
2022-04-15,XAUUSD,4
2022-04-15,USDNOK,1
2022-04-15,EURAUD,1
2022-04-15,GBPNZD,1
2022-04-15,GBPAUD,1
2022-04-25,CADJPY,2
2022-04-25,NZDJPY,1
2022-04-25,GBPJPY,4
2022-04-25,USDJPY,4
2022-04-25,CHFJPY,7
2022-04-25,EURJPY,1
2022-04-25,XAUUSD,7
2022-04-25,USDNOK,1
2022-05-02,CADJPY,4
2022-05-02,NZDJPY,3
2022-05-02,EURJPY,1
2022-05-02,XAGUSD,2
2022-05-02,CHFJPY,3
2022-05-02,XAUUSD,9
2022-05-02,GBPJPY,4
2022-05-02,EURGBP,1
2022-05-09,CADJPY,4
2022-05-09,XAGUSD,2
2022-05-09,EURJPY,3
2022-05-09,GBPJPY,4
2022-05-09,CHFJPY,4
2022-05-09,GBPCAD,1
2022-05-09,XAUUSD,8
2022-05-09,NZDJPY,1
2022-05-16,USDJPY,1
2022-05-16,CHFJPY,4
2022-05-16,XAGUSD,3
2022-05-16,EURJPY,6
2022-05-16,GBPJPY,2
2022-05-16,XAUUSD,8
2022-05-16,USDSEK,2
2022-05-16,EURAUD,1
2022-05-24,EURJPY,4
2022-05-24,USDJPY,5
2022-05-24,NZDJPY,1
2022-05-24,XAGUSD,1
2022-05-24,CHFJPY,6
2022-05-24,GBPJPY,1
2022-05-24,XAUUSD,9
2022-05-31,GBPJPY,2
2022-05-31,CADJPY,5
2022-05-31,EURJPY,7
2022-05-31,XAGUSD,1
2022-05-31,NZDJPY,1
2022-05-31,CHFJPY,5
2022-05-31,XAUUSD,6
2022-06-07,GBPJPY,4
2022-06-07,GBPCHF,1
2022-06-07,XAGUSD,3
2022-06-07,CADJPY,4
2022-06-07,EURJPY,5
2022-06-07,XAUUSD,6
2022-06-07,USDJPY,2
2022-06-07,CHFJPY,2
2022-06-14,CHFJPY,3
2022-06-14,XAUUSD,9
2022-06-14,CADJPY,4
2022-06-14,XAGUSD,1
2022-06-14,EURJPY,1
2022-06-14,USDNOK,4
2022-06-14,EURCHF,2
2022-06-14,GBPCHF,1
2022-06-14,AUDJPY,2
2022-06-24,EURJPY,6
2022-06-24,USDJPY,5
2022-06-24,GBPJPY,2
2022-06-24,XAGUSD,2
2022-06-24,CHFJPY,2
2022-06-24,CADJPY,1
2022-06-24,XAUUSD,8
2022-06-24,AUDJPY,1
2022-07-01,USDJPY,5
2022-07-01,GBPJPY,2
2022-07-01,XAGUSD,4
2022-07-01,CHFJPY,3
2022-07-01,EURJPY,1
2022-07-01,XAUUSD,7
2022-07-01,EURSEK,3
2022-07-01,GBPCHF,1
2022-07-01,NZDJPY,1
2022-07-08,USDJPY,3
2022-07-08,XAUUSD,10
2022-07-08,CHFJPY,4
2022-07-08,XAGUSD,1
2022-07-08,EURJPY,4
2022-07-08,USDNOK,1
2022-07-08,EURSEK,1
2022-07-08,EURAUD,3
2022-07-15,XAGUSD,2
2022-07-15,XAUUSD,8
2022-07-15,GBPJPY,3
2022-07-15,CHFJPY,3
2022-07-15,USDJPY,3
2022-07-15,EURJPY,1
2022-07-15,USDNOK,1
2022-07-15,EURSEK,2
2022-07-15,EURAUD,4
2022-07-25,XAGUSD,2
2022-07-25,GBPCHF,1
2022-07-25,CHFJPY,6
2022-07-25,GBPJPY,5
2022-07-25,USDJPY,2
2022-07-25,XAUUSD,7
2022-07-25,EURSEK,2
2022-07-25,EURAUD,2
2022-08-01,CHFJPY,7
2022-08-01,AUDJPY,2
2022-08-01,XAGUSD,1
2022-08-01,EURJPY,3
2022-08-01,USDJPY,4
2022-08-01,CADJPY,2
2022-08-01,XAUUSD,7
2022-08-01,EURAUD,1
2022-08-08,XAUUSD,8
2022-08-08,EURJPY,4
2022-08-08,XAGUSD,3
2022-08-08,AUDJPY,3
2022-08-08,NZDJPY,1
2022-08-08,EURCHF,1
2022-08-08,GBPJPY,5
2022-08-08,CADJPY,1
2022-08-08,EURAUD,1
2022-08-15,XAUUSD,8
2022-08-15,EURJPY,3
2022-08-15,XAGUSD,3
2022-08-15,GBPCHF,1
2022-08-15,AUDJPY,5
2022-08-15,NZDJPY,2
2022-08-15,GBPJPY,4
2022-08-15,EURAUD,1
2022-08-23,XAUUSD,7
2022-08-23,NZDJPY,3
2022-08-23,GBPJPY,4
2022-08-23,CADJPY,4
2022-08-23,XAGUSD,2
2022-08-23,AUDJPY,2
2022-08-23,USDJPY,2
2022-08-23,EURJPY,1
2022-08-23,EURAUD,1
2022-08-23,CHFJPY,1
2022-08-30,XAUUSD,6
2022-08-30,NZDJPY,3
2022-08-30,GBPJPY,4
2022-08-30,CADJPY,5
2022-08-30,EURJPY,3
2022-08-30,AUDJPY,2
2022-08-30,EURCHF,1
2022-08-30,USDJPY,1
2022-08-30,EURAUD,1
2022-08-30,CHFJPY,1
2022-09-06,XAGUSD,2
2022-09-06,NZDJPY,3
2022-09-06,GBPJPY,5
2022-09-06,XAUUSD,6
2022-09-06,AUDJPY,2
2022-09-06,CADJPY,4
2022-09-06,USDJPY,4
2022-09-06,EURAUD,1
2022-09-13,XAUUSD,8
2022-09-13,EURJPY,2
2022-09-13,GBPJPY,4
2022-09-13,USDJPY,7
2022-09-13,CHFJPY,2
2022-09-13,AUDJPY,2
2022-09-13,CADJPY,1
2022-09-13,NZDJPY,1
2022-09-22,CHFJPY,7
2022-09-22,XAUUSD,6
2022-09-22,XAGUSD,1
2022-09-22,NZDJPY,1
2022-09-22,USDJPY,4
2022-09-22,CADJPY,2
2022-09-22,GBPJPY,3
2022-09-22,EURJPY,2
2022-09-22,EURCHF,1
2022-09-29,CHFJPY,6
2022-09-29,XAGUSD,2
2022-09-29,EURJPY,1
2022-09-29,USDJPY,5
2022-09-29,GBPNZD,1
2022-09-29,GBPAUD,1
2022-09-29,EURCHF,1
2022-09-29,USDNOK,1
2022-09-29,XAUUSD,5
2022-09-29,GBPJPY,3
2022-09-29,USDCHF,1
2022-10-06,CHFJPY,4
2022-10-06,XAGUSD,2
2022-10-06,EURJPY,3
2022-10-06,GBPNZD,1
2022-10-06,CADJPY,1
2022-10-06,USDJPY,3
2022-10-06,USDNOK,1
2022-10-06,XAUUSD,7
2022-10-06,GBPJPY,4
2022-10-06,USDSEK,1
2022-10-13,XAGUSD,2
2022-10-13,GBPAUD,1
2022-10-13,AUDJPY,1
2022-10-13,EURJPY,3
2022-10-13,CHFJPY,1
2022-10-13,USDJPY,2
2022-10-13,EURCHF,2
2022-10-13,XAUUSD,7
2022-10-13,USDNOK,1
2022-10-13,USDSEK,2
2022-10-13,GBPCAD,1
2022-10-13,GBPJPY,2
2022-10-13,USDCHF,1
2022-10-13,EURSEK,1
2022-10-24,XAGUSD,2
2022-10-24,CHFJPY,7
2022-10-24,GBPNZD,2
2022-10-24,GBPAUD,1
2022-10-24,USDJPY,4
2022-10-24,EURCHF,2
2022-10-24,XAUUSD,5
2022-10-24,USDNOK,1
2022-10-24,USDCHF,2
2022-10-24,NZDJPY,1
2022-10-31,EURJPY,8
2022-10-31,CADJPY,2
2022-10-31,XAGUSD,2
2022-10-31,CHFJPY,2
2022-10-31,GBPJPY,2
2022-10-31,NZDJPY,1
2022-10-31,GBPNZD,1
2022-10-31,XAUUSD,6
2022-10-31,EURCHF,1
2022-10-31,USDNOK,1
2022-10-31,USDCHF,1
2022-11-07,NZDJPY,2
2022-11-07,XAGUSD,2
2022-11-07,EURJPY,5
2022-11-07,CADJPY,2
2022-11-07,CHFJPY,6
2022-11-07,GBPJPY,1
2022-11-07,USDJPY,3
2022-11-07,XAUUSD,5
2022-11-07,USDCHF,1
2022-11-14,XAGUSD,2
2022-11-14,CHFJPY,8
2022-11-14,GBPCHF,1
2022-11-14,GBPJPY,2
2022-11-14,AUDJPY,3
2022-11-14,USDJPY,4
2022-11-14,XAUUSD,5
2022-11-14,EURJPY,1
2022-11-14,EURSEK,1
2022-11-21,AUDJPY,2
2022-11-21,XAGUSD,3
2022-11-21,NZDJPY,3
2022-11-21,EURJPY,3
2022-11-21,CHFJPY,4
2022-11-21,CADJPY,3
2022-11-21,GBPJPY,3
2022-11-21,XAUUSD,4
2022-11-21,USDJPY,2
2022-11-28,XAUUSD,10
2022-11-28,XAGUSD,3
2022-11-28,NZDJPY,1
2022-11-28,CHFJPY,7
2022-11-28,GBPJPY,1
2022-11-28,CADJPY,1
2022-11-28,USDJPY,2
2022-11-28,EURJPY,1
2022-11-28,EURSEK,1
2022-12-05,XAUUSD,8
2022-12-05,EURJPY,3
2022-12-05,XAGUSD,3
2022-12-05,CHFJPY,7
2022-12-05,CADJPY,2
2022-12-05,GBPJPY,1
2022-12-05,USDJPY,2
2022-12-05,EURSEK,1
2022-12-12,GBPJPY,2
2022-12-12,NZDJPY,2
2022-12-12,XAGUSD,3
2022-12-12,USDJPY,6
2022-12-12,EURJPY,2
2022-12-12,CHFJPY,6
2022-12-12,AUDJPY,1
2022-12-12,XAUUSD,4
2022-12-12,EURSEK,1
2022-12-21,XAGUSD,3
2022-12-21,XAUUSD,10
2022-12-21,CHFJPY,2
2022-12-21,EURJPY,2
2022-12-21,USDJPY,2
2022-12-21,AUDJPY,3
2022-12-21,NZDJPY,1
2022-12-21,GBPJPY,2
2022-12-21,CADJPY,1
2022-12-21,EURSEK,1
2022-12-28,EURJPY,3
2022-12-28,XAGUSD,3
2022-12-28,XAUUSD,8
2022-12-28,CHFJPY,5
2022-12-28,NZDJPY,2
2022-12-28,AUDJPY,2
2022-12-28,GBPJPY,1
2022-12-28,USDJPY,2
2022-12-28,EURSEK,1
2023-01-04,XAGUSD,3
2023-01-04,EURJPY,2
2023-01-04,XAUUSD,8
2023-01-04,GBPJPY,2
2023-01-04,CADJPY,2
2023-01-04,NZDJPY,3
2023-01-04,AUDJPY,2
2023-01-04,CHFJPY,2
2023-01-04,USDJPY,2
2023-01-04,GBPCHF,1
2023-01-11,XAGUSD,3
2023-01-11,CADJPY,3
2023-01-11,EURJPY,4
2023-01-11,CHFJPY,2
2023-01-11,XAUUSD,7
2023-01-11,GBPJPY,1
2023-01-11,AUDJPY,3
2023-01-11,NZDJPY,3
2023-01-11,USDJPY,1
2023-01-20,NZDJPY,1
2023-01-20,GBPJPY,2
2023-01-20,XAGUSD,9
2023-01-20,EURJPY,1
2023-01-20,XAUUSD,8
2023-01-20,CHFJPY,3
2023-01-20,AUDJPY,1
2023-01-20,USDJPY,2
2023-01-27,NZDJPY,2
2023-01-27,XAGUSD,8
2023-01-27,EURJPY,3
2023-01-27,XAUUSD,8
2023-01-27,USDJPY,3
2023-01-27,AUDJPY,1
2023-01-27,CADJPY,1
2023-01-27,CHFJPY,1
2023-02-03,CADJPY,2
2023-02-03,XAGUSD,8
2023-02-03,USDJPY,5
2023-02-03,XAUUSD,6
2023-02-03,CHFJPY,2
2023-02-03,NZDJPY,1
2023-02-03,AUDJPY,1
2023-02-03,GBPJPY,1
2023-02-03,EURJPY,1
2023-02-10,XAGUSD,7
2023-02-10,NZDJPY,2
2023-02-10,GBPJPY,4
2023-02-10,AUDJPY,2
2023-02-10,CHFJPY,1
2023-02-10,XAUUSD,6
2023-02-10,EURJPY,3
2023-02-10,CADJPY,1
2023-02-10,USDJPY,1
2023-02-20,NZDJPY,2
2023-02-20,EURJPY,3
2023-02-20,CADJPY,4
2023-02-20,XAGUSD,8
2023-02-20,CHFJPY,2
2023-02-20,USDJPY,2
2023-02-20,XAUUSD,4
2023-02-20,GBPJPY,2
2023-02-27,EURJPY,2
2023-02-27,USDJPY,1
2023-02-27,CADJPY,1
2023-02-27,XAGUSD,9
2023-02-27,GBPJPY,3
2023-02-27,NZDJPY,3
2023-02-27,CHFJPY,2
2023-02-27,AUDJPY,1
2023-02-27,XAUUSD,5
2023-03-06,NZDJPY,4
2023-03-06,USDNOK,1
2023-03-06,XAGUSD,9
2023-03-06,CHFJPY,1
2023-03-06,GBPJPY,1
2023-03-06,USDJPY,1
2023-03-06,XAUUSD,5
2023-03-06,AUDJPY,2
2023-03-06,CADJPY,1
2023-03-06,EURJPY,1
2023-03-06,EURNOK,1
2023-03-13,NZDJPY,6
2023-03-13,XAGUSD,9
2023-03-13,CHFJPY,2
2023-03-13,XAUUSD,3
2023-03-13,AUDJPY,1
2023-03-13,USDJPY,3
2023-03-13,EURJPY,2
2023-03-13,GBPJPY,1
2023-03-21,EURJPY,3
2023-03-21,AUDJPY,4
2023-03-21,AUDUSD,1
2023-03-21,CADJPY,2
2023-03-21,CHFJPY,2
2023-03-21,XAGUSD,8
2023-03-21,NZDJPY,1
2023-03-21,GBPJPY,1
2023-03-21,USDJPY,3
2023-03-21,XAUUSD,2
2023-03-28,CHFJPY,3
2023-03-28,NZDJPY,3
2023-03-28,AUDJPY,2
2023-03-28,GBPJPY,1
2023-03-28,XAGUSD,8
2023-03-28,USDJPY,3
2023-03-28,CADJPY,2
2023-03-28,EURJPY,2
2023-03-28,XAUUSD,2
2023-03-28,EURNOK,1
2023-04-04,EURJPY,2
2023-04-04,CADJPY,1
2023-04-04,USDJPY,4
2023-04-04,XAGUSD,10
2023-04-04,CHFJPY,2
2023-04-04,GBPJPY,2
2023-04-04,AUDJPY,2
2023-04-04,NZDJPY,1
2023-04-04,XAUUSD,2
2023-04-04,EURNOK,1
2023-04-11,EURJPY,2
2023-04-11,CADJPY,4
2023-04-11,XAGUSD,11
2023-04-11,CHFJPY,2
2023-04-11,NZDJPY,3
2023-04-11,AUDJPY,1
2023-04-11,XAUUSD,2
2023-04-11,USDJPY,1
2023-04-11,EURNOK,1
2023-04-21,XAUUSD,7
2023-04-21,NZDJPY,2
2023-04-21,AUDJPY,3
2023-04-21,XAGUSD,10
2023-04-21,CHFJPY,1
2023-04-21,GBPJPY,1
2023-04-21,CADJPY,1
2023-04-21,USDJPY,1
2023-04-21,EURNOK,1
2023-04-28,GBPJPY,2
2023-04-28,EURJPY,3
2023-04-28,CADJPY,4
2023-04-28,XAGUSD,9
2023-04-28,USDJPY,2
2023-04-28,CHFJPY,1
2023-04-28,XAUUSD,2
2023-04-28,AUDJPY,2
2023-04-28,NZDJPY,1
2023-04-28,EURNOK,1
2023-05-05,CADJPY,2
2023-05-05,XAUUSD,8
2023-05-05,CHFJPY,2
2023-05-05,GBPJPY,2
2023-05-05,XAGUSD,7
2023-05-05,EURJPY,2
2023-05-05,AUDJPY,1
2023-05-05,NZDJPY,2
2023-05-05,USDJPY,1
2023-05-12,XAGUSD,10
2023-05-12,EURJPY,2
2023-05-12,XAUUSD,7
2023-05-12,CADJPY,2
2023-05-12,CHFJPY,2
2023-05-12,AUDJPY,1
2023-05-12,NZDJPY,1
2023-05-12,GBPJPY,1
2023-05-12,USDJPY,1
2023-05-22,AUDJPY,3
2023-05-22,NZDJPY,2
2023-05-22,GBPJPY,3
2023-05-22,XAUUSD,8
2023-05-22,EURJPY,3
2023-05-22,XAGUSD,6
2023-05-22,CADJPY,1
2023-05-22,CHFJPY,1
2023-05-29,EURJPY,6
2023-05-29,XAGUSD,7
2023-05-29,XAUUSD,6
2023-05-29,USDJPY,1
2023-05-29,CHFJPY,2
2023-05-29,NZDJPY,2
2023-05-29,AUDJPY,2
2023-05-29,CADJPY,1
2023-06-05,AUDJPY,2
2023-06-05,NZDJPY,5
2023-06-05,GBPJPY,3
2023-06-05,XAUUSD,8
2023-06-05,XAGUSD,5
2023-06-05,CADJPY,1
2023-06-05,CHFJPY,1
2023-06-05,EURJPY,1
2023-06-05,USDJPY,1
2023-06-12,XAGUSD,6
2023-06-12,XAUUSD,6
2023-06-12,GBPJPY,3
2023-06-12,USDJPY,2
2023-06-12,CHFJPY,5
2023-06-12,EURJPY,1
2023-06-12,CADJPY,2
2023-06-12,AUDJPY,2
2023-06-20,GBPJPY,4
2023-06-20,NZDJPY,1
2023-06-20,XAGUSD,5
2023-06-20,CADJPY,3
2023-06-20,EURJPY,2
2023-06-20,XAUUSD,5
2023-06-20,USDJPY,2
2023-06-20,CHFJPY,4
2023-06-20,AUDJPY,1
2023-06-27,EURJPY,3
2023-06-27,CADJPY,3
2023-06-27,XAGUSD,6
2023-06-27,USDJPY,2
2023-06-27,CHFJPY,3
2023-06-27,XAUUSD,5
2023-06-27,NZDJPY,4
2023-06-27,GBPJPY,1
2023-07-04,GBPJPY,4
2023-07-04,NZDJPY,2
2023-07-04,XAGUSD,7
2023-07-04,CADJPY,2
2023-07-04,CHFJPY,2
2023-07-04,XAUUSD,7
2023-07-04,USDJPY,2
2023-07-04,EURJPY,1
2023-07-11,EURJPY,2
2023-07-11,USDJPY,6
2023-07-11,XAGUSD,6
2023-07-11,CHFJPY,2
2023-07-11,NZDJPY,3
2023-07-11,XAUUSD,6
2023-07-11,GBPJPY,1
2023-07-11,CADJPY,1
2023-07-20,GBPJPY,4
2023-07-20,NZDJPY,2
2023-07-20,CADJPY,3
2023-07-20,XAUUSD,9
2023-07-20,USDJPY,2
2023-07-20,CHFJPY,1
2023-07-20,EURJPY,2
2023-07-20,XAGUSD,3
2023-07-20,USDNOK,1
2023-07-27,CHFJPY,5
2023-07-27,AUDJPY,5
2023-07-27,XAUUSD,9
2023-07-27,USDJPY,1
2023-07-27,XAGUSD,3
2023-07-27,GBPJPY,1
2023-07-27,CADJPY,1
2023-07-27,EURAUD,1
2023-07-27,EURJPY,1
2023-08-03,USDJPY,6
2023-08-03,EURJPY,3
2023-08-03,CHFJPY,6
2023-08-03,XAGUSD,3
2023-08-03,XAUUSD,7
2023-08-03,NZDJPY,1
2023-08-03,GBPJPY,1
2023-08-10,GBPJPY,3
2023-08-10,CADJPY,1
2023-08-10,XAGUSD,5
2023-08-10,EURJPY,4
2023-08-10,USDJPY,4
2023-08-10,XAUUSD,5
2023-08-10,CHFJPY,5
2023-08-21,GBPJPY,3
2023-08-21,CADJPY,1
2023-08-21,EURJPY,4
2023-08-21,USDJPY,6
2023-08-21,XAGUSD,3
2023-08-21,AUDJPY,1
2023-08-21,XAUUSD,4
2023-08-21,CHFJPY,5
2023-08-28,NZDJPY,2
2023-08-28,CADJPY,2
2023-08-28,EURJPY,2
2023-08-28,GBPJPY,2
2023-08-28,XAGUSD,6
2023-08-28,CHFJPY,4
2023-08-28,USDNOK,1
2023-08-28,USDJPY,2
2023-08-28,XAUUSD,5
2023-08-28,EURAUD,1
2023-09-04,CADJPY,2
2023-09-04,GBPJPY,4
2023-09-04,AUDJPY,2
2023-09-04,EURJPY,2
2023-09-04,XAGUSD,5
2023-09-04,USDJPY,2
2023-09-04,XAUUSD,6
2023-09-04,CHFJPY,3
2023-09-04,NZDJPY,1
2023-09-11,NZDJPY,2
2023-09-11,AUDJPY,2
2023-09-11,CADJPY,2
2023-09-11,CHFJPY,6
2023-09-11,XAGUSD,5
2023-09-11,USDJPY,4
2023-09-11,XAUUSD,4
2023-09-11,GBPJPY,1
2023-09-11,EURAUD,1
2023-09-18,USDJPY,5
2023-09-18,EURJPY,1
2023-09-18,CHFJPY,6
2023-09-18,XAGUSD,5
2023-09-18,CADJPY,2
2023-09-18,XAUUSD,5
2023-09-18,AUDJPY,1
2023-09-18,GBPJPY,2
2023-09-25,NZDJPY,2
2023-09-25,AUDJPY,1
2023-09-25,USDJPY,5
2023-09-25,GBPJPY,3
2023-09-25,EURJPY,3
2023-09-25,XAGUSD,4
2023-09-25,XAUUSD,4
2023-09-25,CHFJPY,3
2023-09-25,CADJPY,1
2023-09-25,EURAUD,1
2023-10-02,GBPJPY,2
2023-10-02,USDJPY,6
2023-10-02,XAUUSD,7
2023-10-02,CHFJPY,6
2023-10-02,XAGUSD,5
2023-10-02,EURJPY,1
2023-10-09,XAUUSD,8
2023-10-09,CHFJPY,6
2023-10-09,AUDJPY,2
2023-10-09,USDJPY,3
2023-10-09,XAGUSD,5
2023-10-09,GBPJPY,2
2023-10-09,EURAUD,1
2023-10-18,CHFJPY,6
2023-10-18,AUDJPY,2
2023-10-18,NZDJPY,2
2023-10-18,XAUUSD,8
2023-10-18,USDJPY,4
2023-10-18,XAGUSD,3
2023-10-18,GBPJPY,1
2023-10-18,EURJPY,1
2023-10-25,USDJPY,7
2023-10-25,AUDJPY,4
2023-10-25,CHFJPY,8
2023-10-25,XAGUSD,4
2023-10-25,CADJPY,1
2023-10-25,NZDJPY,1
2023-10-25,XAUUSD,1
2023-10-25,GBPJPY,1
2023-11-01,NZDJPY,4
2023-11-01,GBPJPY,4
2023-11-01,EURJPY,5
2023-11-01,CADJPY,1
2023-11-01,CHFJPY,3
2023-11-01,USDJPY,5
2023-11-01,AUDJPY,2
2023-11-01,XAGUSD,2
2023-11-01,XAUUSD,1
2023-11-08,XAUUSD,7
2023-11-08,AUDJPY,5
2023-11-08,USDJPY,2
2023-11-08,NZDJPY,4
2023-11-08,CADJPY,2
2023-11-08,XAGUSD,4
2023-11-08,EURJPY,1
2023-11-08,GBPJPY,2
2023-11-17,CHFJPY,6
2023-11-17,GBPJPY,5
2023-11-17,XAGUSD,4
2023-11-17,USDJPY,6
2023-11-17,XAUUSD,4
2023-11-17,AUDJPY,1
2023-11-17,CADJPY,1
2023-11-24,XAUUSD,6
2023-11-24,USDJPY,6
2023-11-24,GBPJPY,3
2023-11-24,CHFJPY,5
2023-11-24,EURJPY,1
2023-11-24,XAGUSD,4
2023-11-24,AUDJPY,1
2023-11-24,NZDJPY,1
2023-12-01,XAUUSD,9
2023-12-01,NZDJPY,2
2023-12-01,USDJPY,4
2023-12-01,GBPJPY,3
2023-12-01,AUDJPY,2
2023-12-01,CHFJPY,4
2023-12-01,XAGUSD,2
2023-12-01,CADJPY,1
2023-12-08,XAUUSD,9
2023-12-08,NZDJPY,2
2023-12-08,EURJPY,2
2023-12-08,GBPJPY,7
2023-12-08,CHFJPY,2
2023-12-08,XAGUSD,3
2023-12-08,AUDJPY,1
2023-12-08,CADJPY,1
2023-12-18,XAUUSD,8
2023-12-18,CHFJPY,2
2023-12-18,AUDJPY,2
2023-12-18,GBPJPY,5
2023-12-18,EURJPY,3
2023-12-18,USDJPY,2
2023-12-18,XAGUSD,3
2023-12-18,NZDJPY,1
2023-12-18,CADJPY,1
2023-12-25,XAUUSD,6
2023-12-25,CADJPY,4
2023-12-25,NZDJPY,3
2023-12-25,USDJPY,3
2023-12-25,AUDJPY,3
2023-12-25,GBPJPY,4
2023-12-25,XAGUSD,4
2024-01-01,GBPJPY,7
2024-01-01,EURJPY,1
2024-01-01,AUDJPY,4
2024-01-01,CHFJPY,2
2024-01-01,XAUUSD,8
2024-01-01,USDJPY,2
2024-01-01,XAGUSD,3
2024-01-08,XAUUSD,7
2024-01-08,GBPJPY,5
2024-01-08,AUDJPY,3
2024-01-08,CADJPY,2
2024-01-08,NZDJPY,1
2024-01-08,USDJPY,2
2024-01-08,CHFJPY,2
2024-01-08,XAGUSD,4
2024-01-08,USDNOK,1
2024-01-16,EURJPY,1
2024-01-16,GBPJPY,2
2024-01-16,CHFJPY,6
2024-01-16,XAUUSD,9
2024-01-16,USDJPY,5
2024-01-16,XAGUSD,2
2024-01-16,NZDJPY,1
2024-01-16,AUDJPY,1
2024-01-23,NZDJPY,4
2024-01-23,EURJPY,3
2024-01-23,AUDJPY,3
2024-01-23,USDJPY,4
2024-01-23,XAUUSD,6
2024-01-23,CHFJPY,3
2024-01-23,XAGUSD,2
2024-01-23,GBPJPY,1
2024-01-23,CADJPY,1
2024-01-30,USDJPY,4
2024-01-30,NZDJPY,3
2024-01-30,GBPJPY,2
2024-01-30,AUDJPY,3
2024-01-30,EURJPY,1
2024-01-30,XAUUSD,6
2024-01-30,CHFJPY,5
2024-01-30,XAGUSD,2
2024-01-30,USDNOK,1
2024-02-06,XAUUSD,9
2024-02-06,NZDJPY,4
2024-02-06,AUDJPY,3
2024-02-06,GBPJPY,3
2024-02-06,EURJPY,1
2024-02-06,USDJPY,3
2024-02-06,XAGUSD,2
2024-02-06,CHFJPY,2
2024-02-16,XAGUSD,3
2024-02-16,XAUUSD,9
2024-02-16,AUDJPY,6
2024-02-16,USDJPY,5
2024-02-16,GBPJPY,2
2024-02-16,CADJPY,1
2024-02-16,NZDJPY,1
2024-02-23,GBPJPY,5
2024-02-23,EURJPY,3
2024-02-23,XAUUSD,10
2024-02-23,XAGUSD,2
2024-02-23,AUDJPY,3
2024-02-23,USDJPY,3
2024-02-23,NZDJPY,1
2024-03-01,GBPJPY,4
2024-03-01,AUDJPY,3
2024-03-01,CHFJPY,3
2024-03-01,XAUUSD,8
2024-03-01,USDJPY,4
2024-03-01,EURJPY,2
2024-03-01,XAGUSD,2
2024-03-01,NZDJPY,1
2024-03-08,GBPJPY,3
2024-03-08,USDJPY,5
2024-03-08,EURJPY,1
2024-03-08,XAUUSD,8
2024-03-08,AUDJPY,3
2024-03-08,CADJPY,1
2024-03-08,CHFJPY,2
2024-03-08,XAGUSD,3
2024-03-08,NZDJPY,1
2024-03-18,XAUUSD,14
2024-03-18,USDJPY,3
2024-03-18,CHFJPY,5
2024-03-18,XAGUSD,2
2024-03-18,AUDJPY,2
2024-03-18,NZDJPY,1
2024-03-25,NZDJPY,6
2024-03-25,EURJPY,3
2024-03-25,GBPJPY,3
2024-03-25,USDJPY,5
2024-03-25,XAUUSD,2
2024-03-25,CADJPY,1
2024-03-25,AUDJPY,4
2024-03-25,CHFJPY,1
2024-03-25,XAGUSD,2
2024-04-01,AUDJPY,4
2024-04-01,NZDJPY,2
2024-04-01,CHFJPY,5
2024-04-01,USDJPY,7
2024-04-01,XAUUSD,7
2024-04-01,XAGUSD,2
2024-04-08,XAUUSD,4
2024-04-08,AUDJPY,7
2024-04-08,CHFJPY,5
2024-04-08,USDJPY,3
2024-04-08,XAGUSD,6
2024-04-08,NZDJPY,1
2024-04-08,GBPJPY,1
2024-04-16,XAGUSD,6
2024-04-16,EURJPY,2
2024-04-16,CHFJPY,3
2024-04-16,USDJPY,5
2024-04-16,AUDJPY,3
2024-04-16,NZDJPY,3
2024-04-16,GBPJPY,3
2024-04-16,XAUUSD,1
2024-04-16,CADJPY,1
2024-04-23,CHFJPY,5
2024-04-23,EURJPY,4
2024-04-23,USDJPY,3
2024-04-23,GBPJPY,7
2024-04-23,AUDJPY,1
2024-04-23,XAGUSD,2
2024-04-23,NZDJPY,3
2024-04-23,CADJPY,1
2024-04-23,XAUUSD,1
2024-04-30,USDJPY,8
2024-04-30,XAUUSD,4
2024-04-30,CHFJPY,3
2024-04-30,NZDJPY,3
2024-04-30,GBPJPY,3
2024-04-30,XAGUSD,2
2024-04-30,AUDJPY,1
2024-04-30,EURJPY,2
2024-04-30,CADJPY,1
2024-05-07,GBPJPY,6
2024-05-07,AUDJPY,4
2024-05-07,EURJPY,6
2024-05-07,XAUUSD,2
2024-05-07,NZDJPY,3
2024-05-07,CADJPY,2
2024-05-07,XAGUSD,3
2024-05-07,USDJPY,1
2024-05-16,XAUUSD,3
2024-05-16,EURJPY,2
2024-05-16,XAGUSD,7
2024-05-16,CADJPY,3
2024-05-16,USDJPY,2
2024-05-16,CHFJPY,2
2024-05-16,AUDJPY,4
2024-05-16,NZDJPY,2
2024-05-16,GBPJPY,2
2024-05-23,XAUUSD,7
2024-05-23,GBPJPY,2
2024-05-23,USDJPY,7
2024-05-23,EURJPY,2
2024-05-23,CHFJPY,2
2024-05-23,XAGUSD,3
2024-05-23,AUDJPY,2
2024-05-23,NZDJPY,2
2024-05-30,CHFJPY,5
2024-05-30,XAUUSD,8
2024-05-30,AUDJPY,2
2024-05-30,USDJPY,4
2024-05-30,XAGUSD,3
2024-05-30,NZDJPY,2
2024-05-30,GBPJPY,2
2024-05-30,CADJPY,1
2024-06-06,XAUUSD,8
2024-06-06,NZDJPY,4
2024-06-06,AUDJPY,5
2024-06-06,USDJPY,3
2024-06-06,XAGUSD,3
2024-06-06,CHFJPY,2
2024-06-06,GBPJPY,2
2024-06-17,CHFJPY,4
2024-06-17,XAUUSD,5
2024-06-17,EURJPY,6
2024-06-17,USDJPY,4
2024-06-17,XAGUSD,3
2024-06-17,AUDJPY,2
2024-06-17,NZDJPY,2
2024-06-17,GBPJPY,1
2024-06-24,NZDJPY,6
2024-06-24,GBPJPY,3
2024-06-24,USDJPY,6
2024-06-24,XAUUSD,2
2024-06-24,CADJPY,4
2024-06-24,XAGUSD,2
2024-06-24,AUDJPY,2
2024-06-24,EURJPY,2
2024-07-01,GBPJPY,6
2024-07-01,NZDJPY,7
2024-07-01,CHFJPY,1
2024-07-01,USDJPY,4
2024-07-01,CADJPY,3
2024-07-01,AUDJPY,1
2024-07-01,XAGUSD,1
2024-07-01,XAUUSD,1
2024-07-01,EURJPY,3
2024-07-08,USDJPY,5
2024-07-08,XAUUSD,4
2024-07-08,EURJPY,2
2024-07-08,GBPJPY,4
2024-07-08,NZDJPY,5
2024-07-08,CADJPY,3
2024-07-08,AUDJPY,2
2024-07-08,XAGUSD,2
2024-07-15,CHFJPY,3
2024-07-15,EURJPY,2
2024-07-15,NZDJPY,4
2024-07-15,GBPJPY,5
2024-07-15,USDJPY,3
2024-07-15,XAGUSD,3
2024-07-15,XAUUSD,3
2024-07-15,AUDJPY,3
2024-07-15,CADJPY,1
2024-07-22,XAUUSD,9
2024-07-22,AUDJPY,5
2024-07-22,GBPJPY,4
2024-07-22,USDJPY,2
2024-07-22,XAGUSD,3
2024-07-22,CHFJPY,1
2024-07-22,NZDJPY,2
2024-07-22,CADJPY,1
2024-07-29,EURJPY,2
2024-07-29,GBPJPY,5
2024-07-29,XAUUSD,5
2024-07-29,XAGUSD,6
2024-07-29,NZDJPY,3
2024-07-29,CADJPY,2
2024-07-29,CHFJPY,2
2024-07-29,AUDJPY,2
2024-08-05,CADJPY,4
2024-08-05,NZDUSD,1
2024-08-05,XAUUSD,4
2024-08-05,EURJPY,6
2024-08-05,GBPJPY,5
2024-08-05,CHFJPY,3
2024-08-05,USDJPY,4
2024-08-14,XAUUSD,8
2024-08-14,GBPJPY,8
2024-08-14,XAGUSD,2
2024-08-14,NZDJPY,2
2024-08-14,CADJPY,2
2024-08-14,USDJPY,3
2024-08-14,EURJPY,1
2024-08-14,CHFJPY,1
2024-08-21,XAUUSD,4
2024-08-21,EURJPY,4
2024-08-21,XAGUSD,10
2024-08-21,AUDJPY,4
2024-08-21,GBPJPY,3
2024-08-21,CADJPY,1
2024-08-21,USDJPY,1
2024-08-28,CHFJPY,4
2024-08-28,XAUUSD,6
2024-08-28,EURJPY,2
2024-08-28,USDJPY,4
2024-08-28,GBPJPY,2
2024-08-28,XAGUSD,5
2024-08-28,CADJPY,2
2024-08-28,AUDJPY,1
2024-08-28,NZDJPY,1
2024-09-04,CHFJPY,2
2024-09-04,GBPJPY,3
2024-09-04,EURCHF,2
2024-09-04,USDJPY,5
2024-09-04,EURJPY,4
2024-09-04,XAUUSD,4
2024-09-04,XAGUSD,3
2024-09-04,AUDJPY,1
2024-09-04,NZDJPY,1
2024-09-04,CADJPY,2
2024-09-13,XAUUSD,6
2024-09-13,CHFJPY,2
2024-09-13,EURJPY,4
2024-09-13,AUDJPY,5
2024-09-13,USDJPY,1
2024-09-13,XAGUSD,5
2024-09-13,NZDJPY,1
2024-09-13,GBPJPY,2
2024-09-13,CADJPY,1
2024-09-20,GBPJPY,3
2024-09-20,CADJPY,2
2024-09-20,EURJPY,3
2024-09-20,XAUUSD,8
2024-09-20,USDJPY,2
2024-09-20,CHFJPY,3
2024-09-20,XAGUSD,3
2024-09-20,AUDJPY,1
2024-09-20,NZDJPY,1
2024-09-20,USDNOK,1
2024-09-27,GBPJPY,4
2024-09-27,XAUUSD,9
2024-09-27,CADJPY,3
2024-09-27,EURJPY,1
2024-09-27,XAGUSD,3
2024-09-27,USDJPY,1
2024-09-27,AUDJPY,3
2024-09-27,CHFJPY,3
2024-10-04,XAUUSD,5
2024-10-04,GBPJPY,4
2024-10-04,EURJPY,2
2024-10-04,XAGUSD,6
2024-10-04,CADJPY,3
2024-10-04,USDJPY,3
2024-10-04,CHFJPY,1
2024-10-04,AUDJPY,2
2024-10-04,NZDJPY,1
2024-10-14,XAUUSD,10
2024-10-14,GBPJPY,3
2024-10-14,CADJPY,2
2024-10-14,EURJPY,1
2024-10-14,XAGUSD,4
2024-10-14,AUDJPY,3
2024-10-14,USDJPY,2
2024-10-14,CHFJPY,1
2024-10-14,NZDJPY,1
2024-10-21,GBPJPY,3
2024-10-21,EURJPY,2
2024-10-21,CADJPY,3
2024-10-21,XAUUSD,5
2024-10-21,CHFJPY,5
2024-10-21,USDJPY,6
2024-10-21,XAGUSD,2
2024-10-21,NZDJPY,1
2024-10-28,EURJPY,2
2024-10-28,CADJPY,2
2024-10-28,USDJPY,7
2024-10-28,CHFJPY,5
2024-10-28,AUDJPY,1
2024-10-28,XAUUSD,5
2024-10-28,XAGUSD,2
2024-10-28,NZDJPY,1
2024-10-28,GBPJPY,1
2024-10-28,USDSEK,1
2024-11-04,XAGUSD,4
2024-11-04,CHFJPY,4
2024-11-04,USDJPY,6
2024-11-04,XAUUSD,7
2024-11-04,GBPJPY,2
2024-11-04,NZDJPY,1
2024-11-04,CADJPY,1
2024-11-04,EURJPY,1
2024-11-04,USDSEK,1
2024-11-12,XAUUSD,9
2024-11-12,CADJPY,2
2024-11-12,EURJPY,3
2024-11-12,NZDJPY,1
2024-11-12,USDJPY,3
2024-11-12,XAGUSD,3
2024-11-12,GBPJPY,5
2024-11-12,AUDJPY,1
2024-11-19,XAGUSD,5
2024-11-19,XAUUSD,9
2024-11-19,CADJPY,3
2024-11-19,EURJPY,2
2024-11-19,NZDJPY,2
2024-11-19,CHFJPY,1
2024-11-19,AUDJPY,2
2024-11-19,USDJPY,2
2024-11-19,GBPJPY,1
2024-11-26,XAUUSD,4
2024-11-26,GBPJPY,4
2024-11-26,XAGUSD,6
2024-11-26,USDJPY,2
2024-11-26,CADJPY,5
2024-11-26,AUDJPY,4
2024-11-26,EURJPY,1
2024-11-26,CHFJPY,1
2024-12-03,XAUUSD,11
2024-12-03,XAGUSD,6
2024-12-03,USDJPY,2
2024-12-03,AUDJPY,3
2024-12-03,CADJPY,1
2024-12-03,GBPJPY,2
2024-12-03,NZDJPY,1
2024-12-03,EURJPY,1
2024-12-13,XAUUSD,9
2024-12-13,CHFJPY,6
2024-12-13,XAGUSD,6
2024-12-13,GBPJPY,2
2024-12-13,AUDJPY,2
2024-12-13,USDJPY,1
2024-12-13,CADJPY,1
2024-12-20,XAUUSD,9
2024-12-20,CHFJPY,7
2024-12-20,USDJPY,3
2024-12-20,AUDJPY,2
2024-12-20,CADJPY,2
2024-12-20,GBPJPY,2
2024-12-20,XAGUSD,1
2024-12-20,NZDJPY,1
2024-12-27,CHFJPY,6
2024-12-27,USDJPY,3
2024-12-27,XAGUSD,7
2024-12-27,XAUUSD,6
2024-12-27,GBPJPY,2
2024-12-27,CADJPY,1
2024-12-27,AUDJPY,1
2024-12-27,NZDJPY,1
