date,delta,gamma,vega,theta
2022-09-01,-204185.43727128822,-5414.662841055569,-402.7534390004052,801.1842456489588
2022-09-02,-335754.3862165328,-10422.263910589596,-753.5969231970832,1422.8313900019436
2022-09-05,-448780.35228631046,-14232.646590183778,-1068.2503835855005,2036.8788432329352
2022-09-06,-605570.0890264503,-17411.94748770808,-1241.1937602346563,2452.1318220571015
2022-09-07,-804967.413171135,-18215.191216676583,-1338.6533781468743,2989.4189043545557
2022-09-08,-900917.952352828,-19403.262571180032,-1539.2381707673692,2725.2507196467664
2022-09-09,-1009364.131580571,-22557.47776061954,-2091.1879385904986,3122.3379433080677
2022-09-12,-1122674.1670288492,-22368.245291260566,-2387.0136301874422,3065.0170300690806
2022-09-13,-1234367.5647034217,-22306.548319800768,-2500.568755071914,2837.9028679667017
2022-09-14,-1365394.5096207012,-24001.669009506193,-2595.310763535089,2722.076549221966
2022-09-15,-1622698.4880294502,-26174.680217463545,-2691.335428474467,2677.0216336746225
2022-09-16,-1827624.749236082,-33399.478463457504,-2878.0674133681937,3244.8741014551183
2022-09-19,-2031773.3945235019,-32305.44397943059,-2950.121826591087,3365.89930093999
2022-09-20,-2100288.2911559376,-30131.549679464086,-3069.0161809192855,3185.139839211743
2022-09-21,-2092297.8248639652,-22122.729314900324,-2518.3516813280175,1950.4696404832125
2022-09-22,-2167726.987624272,-29646.861778462837,-2764.262751070254,2583.541412600805
2022-09-23,-2211675.2075876608,-19193.099767426087,-2225.2275225613284,1672.1283913278576
2022-09-26,-2240978.2808112963,-21923.509338051776,-2047.509539023162,999.0467409459478
2022-09-27,-2237308.7047741245,-21373.033876215242,-1982.302952020345,974.3448428583125
2022-09-28,-2357019.2808813164,-29057.31862260101,-2541.79751726694,2107.2449644103103
2022-09-29,-2338721.151783935,-29488.78938704082,-2478.272932381599,2108.5545740096386
2022-09-30,-2322215.1836832184,-26364.684424806528,-2423.111603682122,2329.052007283498
2022-10-03,-2457247.6663359255,-35384.201579433575,-2916.36928462829,2913.8386184550727
2022-10-04,-2480796.947820334,-32163.50271445593,-2826.03736135861,2486.453078814635
2022-10-05,-2407134.0605809046,-30317.82292462328,-2900.177311289881,2400.5571879431177
2022-10-06,-2269816.2486068914,-30608.000358983074,-2826.140509318501,2256.671112055806
2022-10-07,-2427013.4211750063,-45368.936029054814,-3370.247943770638,3420.469890498267
2022-10-10,-2353026.063676518,-40770.89626865155,-3272.0004802616368,2965.5636526916105
2022-10-11,-2370116.1451182906,-41552.82250356701,-3136.9560199330367,3008.3378047240894
2022-10-12,-2425014.7603657087,-38820.21391736867,-3128.6699926852116,2892.548870315465
2022-10-13,-2633011.1885696277,-44155.93688561861,-3474.64582080785,4010.0647879987164
2022-10-14,-2615503.493522453,-36141.39123590317,-3355.3600014946546,3199.079548858266
2022-10-17,-2612475.711247258,-32591.354154439297,-3290.603688617646,2903.56138541849
2022-10-18,-2615783.000504139,-37166.52659278851,-3336.7240157402307,2943.139167705904
2022-10-19,-2649368.4201098965,-36245.81936236237,-3310.5603844707966,3047.3668849253168
2022-10-20,-2672165.4356503296,-31559.45395585395,-3277.1287651517123,2512.7216549758896
2022-10-21,-2729561.988388848,-52184.635709804876,-3727.690203482571,3403.4178021989687
2022-10-24,-2772344.3603513157,-48169.704025691375,-3591.5851527556574,3123.889073155986
2022-10-25,-2772465.5444761696,-48384.107442316636,-3669.2053897914097,3154.3256015164134
2022-10-26,-2780630.22171861,-44571.16941152142,-3621.866328338509,2929.322916885326
2022-10-27,-2696856.8260205747,-41913.5488479863,-3657.1004875454933,2574.2937000442002
2022-10-28,-2653931.859930289,-37389.35974735744,-3612.6090553423273,2110.071123704521
2022-10-31,-2619669.5792139224,-36012.04463733993,-3524.6756971016875,1993.1500267136719
2022-11-01,-2604908.624669155,-35148.258254972425,-3495.8411416406207,1946.921506369865
2022-11-02,-2632700.15406303,-41684.47437388913,-3733.2586547582227,2989.5742072319863
2022-11-03,-2654051.9814162934,-40071.080365712754,-3693.9692110224746,2841.5933471979383
2022-11-04,-2676280.2949870545,-38388.31121201493,-3790.379210892573,2882.7286494522805
2022-11-07,-2540089.9464165852,-35228.60721056605,-3647.776591356098,2649.7720736562633
2022-11-08,-2487497.776057433,-33989.01401929809,-3870.55373538154,2360.375196126153
2022-11-09,-2589656.017725368,-38293.00425675564,-4062.924252377284,3141.2110042075083
2022-11-10,-2606535.2938045026,-38946.423218152704,-4152.675283392443,3062.805685244956
2022-11-11,-2543086.7542057917,-40277.620644519615,-4102.050073714143,2880.638931747391
2022-11-14,-2616140.0537888287,-39223.88887746061,-3883.116804288305,2721.9175906936784
2022-11-15,-2617395.9531436875,-39162.336983182264,-3850.6664176263125,2655.3099347302727
2022-11-16,-2719525.3809229396,-40810.73329562387,-4177.203097158298,3284.408356330643
2022-11-17,-2695183.997699119,-40907.62962495461,-4245.518894003723,3180.9545190879917
2022-11-18,-2683316.2745192978,-41004.05658437116,-4084.0765118650584,3118.4311569419415
2022-11-21,-2726372.529731516,-41502.28181478397,-4105.560649052086,3152.809860361134
2022-11-22,-2733926.6766816177,-40271.910968863674,-4067.142263263719,2938.9334681367422
2022-11-23,-2798111.4907133514,-36001.83003325698,-3780.1982832171434,2488.049235117049
2022-11-24,-2800851.029410926,-36094.8466906539,-3727.9735024855026,2494.2032138089185
2022-11-25,-2812967.3988146754,-34067.7360296471,-3672.9227833694663,2474.862184047205
2022-11-28,-2743262.0009180456,-35627.10316124763,-3668.799638091096,2370.0443094491566
2022-11-29,-2756225.5084557254,-34853.990281285565,-3636.2698096812637,2225.353533319748
2022-11-30,-2862487.7196491873,-51086.18170200267,-3875.3827434457976,3135.7901283101655
2022-12-01,-2818250.147642793,-49104.049262665874,-3928.9978386043804,2986.7086058549003
2022-12-02,-2819200.006237027,-47960.02734443873,-3895.6003231924233,2943.2373647835198
2022-12-05,-2769137.018999141,-42400.27189111424,-3694.508106860583,3137.7677852986767
2022-12-06,-2708703.6250417344,-40764.84386190783,-3640.2607511775564,3031.7665717450673
2022-12-07,-2800819.520973578,-44819.92725776619,-3989.9304558269228,3773.32496445037
2022-12-08,-2761733.229487838,-44511.60818613344,-3945.5266316832212,3852.4192710901816
2022-12-09,-2742274.2500782786,-44627.85048910373,-3893.295582996033,3786.885632019386
2022-12-12,-2602657.0710971556,-44259.95233492593,-3754.4237083850867,3757.139715352966
2022-12-13,-2585844.283591152,-42201.05439411575,-3768.892756363927,3175.746636733402
2022-12-14,-2636045.9297036077,-45657.11187360735,-4134.391967115139,3707.1187532769245
2022-12-15,-2574169.1980956667,-45669.51750112794,-3966.6471954602202,3662.330298148734
2022-12-16,-2565915.6824822593,-44089.97505490249,-4086.6844664215146,3716.7702795728505
2022-12-19,-2562468.0797854303,-45002.80571110277,-3953.3863706008606,3744.002623251516
2022-12-20,-2600345.8987152637,-41854.09633761328,-3878.2292350503185,3234.816754624727
2022-12-21,-2866274.9744804716,-44168.605194569485,-4336.28159266002,4097.825242097924
2022-12-22,-2830901.659925333,-45015.286233118575,-4292.612882988648,4230.336365959785
2022-12-23,-2861962.6704858,-44846.2754198288,-4184.570688420074,3996.144466623318
2022-12-26,-2873499.83108662,-45303.88617301101,-4193.041613551796,4095.365691476241
2022-12-27,-2902901.7479321207,-42913.25707799418,-4004.9776255709876,3732.2425573170644
2022-12-28,-2812539.7786879656,-38216.94845415158,-3914.0487824904476,3204.939391985607
2022-12-29,-2825435.3736613356,-38604.67683271611,-3871.6064645603615,3185.5963273998595
2022-12-30,-2766187.776365306,-38908.68404378846,-3846.0957022370703,3145.800218159072
2023-01-02,-3001052.7635224746,-48251.981582421795,-4252.601722481076,4214.34592320737
2023-01-03,-2961401.13264324,-47275.22777625805,-4237.148177174659,4034.104209639513
2023-01-04,-2899501.2161147497,-46155.518356048444,-4180.9652059675145,3670.433153218844
2023-01-05,-2776850.0985447015,-46168.02343130854,-4259.460656580901,3724.9389485120464
2023-01-06,-3059370.110286194,-53054.37258827239,-4622.477780969119,4713.700751838981
2023-01-09,-2976046.186903637,-52227.12818033017,-4422.562160705212,4134.823965784241
2023-01-10,-2941217.847312434,-52571.48262999561,-4361.964678444011,3991.192549568763
2023-01-11,-2786168.2082012584,-52394.64703046307,-4337.940672553151,3871.2896772696477
2023-01-12,-2760303.3920189743,-51746.406327427576,-4159.729469427029,3473.0589083758637
2023-01-13,-3065548.0500666182,-55897.46225084311,-4735.839862186456,4465.459875038178
2023-01-16,-3025835.654960501,-57385.08946340257,-4338.595737058743,3959.4384699139814
2023-01-17,-2978704.3260862045,-59065.07937105409,-4296.050813233637,3884.0653538000965
2023-01-18,-2968758.276323124,-61348.29787361585,-4271.724116349936,3916.3023060995392
2023-01-19,-2969741.7843983867,-57619.7963059707,-4226.81075060567,3906.684431897911
2023-01-20,-3118106.6015091613,-58265.97855309927,-4866.642211698482,4816.056520496165
2023-01-23,-3184395.267895529,-63198.092902903714,-4337.835329491997,4075.0386420925583
2023-01-24,-3179654.6407694807,-62977.06351225545,-4461.0182703467935,4064.6928967500635
2023-01-25,-3188186.5627216427,-62279.738334692156,-4538.043170909667,4015.9268829948596
2023-01-26,-3157544.7104973397,-59823.27401474543,-4358.776940820442,3760.8460390143687
2023-01-27,-3036360.438375698,-53777.449586553375,-4585.599083822918,3709.3896651432738
2023-01-30,-3057410.217625501,-55232.16036896642,-4153.441521066725,3052.2148586997464
2023-01-31,-3176493.88431531,-60713.57082118081,-4773.644551117595,4169.653268994085
2023-02-01,-3199273.2980213757,-58521.35749140456,-4529.975936190875,3952.3565737885147
2023-02-02,-3129922.470253828,-60251.53568064896,-4515.231865181409,4008.688955377272
2023-02-03,-2890132.249253117,-58911.353477780416,-4684.577993289069,4255.796832541467
2023-02-06,-2847722.9362867386,-65989.30764509291,-4398.044219519188,3470.9653957974724
2023-02-07,-3025747.642390684,-67376.38753247472,-4776.770669394847,3908.0202307876916
2023-02-08,-3044766.3208999643,-66316.74158997012,-4667.872030764072,3764.7293937225163
2023-02-09,-3017379.126717479,-67756.87631415426,-4653.114637173072,3790.499641079921
2023-02-10,-2889168.863656967,-60695.786381361104,-4682.651042348558,3731.8026573044103
2023-02-13,-2910458.4375563855,-64479.90949290035,-4438.981867344353,3596.3048837340793
2023-02-14,-2868135.1628261902,-48891.87202484513,-4438.04588274625,3311.5710826632467
2023-02-15,-2839210.5520559605,-48886.43970724439,-4394.573016580737,3909.246800846611
2023-02-16,-2835466.0459955917,-47745.057402138365,-4372.816180547286,3918.575954797549
2023-02-17,-2857945.8721439387,-49983.15524650681,-4293.265308334552,3892.6776735014264
2023-02-20,-2828822.5166929625,-52878.163598721505,-4481.4039318915275,4600.940450953846
2023-02-21,-2769303.748002324,-49462.35481716713,-4551.021886816924,4380.400889708206
2023-02-22,-2746636.049164323,-49993.766426083734,-4504.480520533222,4461.895824246646
2023-02-23,-2730976.300122357,-49824.043215119535,-4443.880011390906,4502.905175382698
2023-02-24,-2705501.5293157306,-50081.788658564605,-4467.772042514939,4478.205920143574
2023-02-27,-2808400.958244441,-50121.88746687976,-4297.269743996998,4498.659914040952
2023-02-28,-2767790.0179223465,-47925.59668832859,-4193.167419150461,4238.2993135301085
2023-03-01,-2749382.8530826042,-48138.44095005796,-4116.154374242496,4162.2468308009675
2023-03-02,-2910804.7068262235,-64359.13305449941,-4696.058392091342,5312.526090020645
2023-03-03,-2924425.8573194845,-62839.28123340843,-4549.915851643303,4941.086159462845
2023-03-06,-2848579.7715461776,-58089.911189197934,-4384.2816729798205,4734.700384849337
2023-03-07,-2983093.585390225,-70943.07116871756,-4870.528457743163,5374.204195810131
2023-03-08,-2982608.040068155,-71132.02433634104,-4772.0554238736095,4949.090056248759
2023-03-09,-2989027.1166514885,-69968.16111225981,-4613.538993970753,4556.701913991511
2023-03-10,-3035444.9207152687,-70915.29654897633,-4630.416407135047,4853.213524198931
2023-03-13,-3117847.7390445536,-54880.94677682926,-3978.670758020934,3760.6642833400288
2023-03-14,-3125794.494144169,-63404.905153309104,-4852.96214099322,4961.286704154239
2023-03-15,-3121280.5416337964,-62308.65636060859,-4568.663808723761,4243.07737199872
2023-03-16,-3113149.960096229,-62259.30873196197,-4252.66609935069,3871.2629804680323
2023-03-17,-3242056.728154682,-52021.098415816705,-4153.952478978096,3582.6700293829194
2023-03-20,-3215634.833435062,-49274.01112918312,-4029.230601920204,3667.248281882585
2023-03-21,-3232396.2710431456,-82766.63471069641,-4731.933824534315,4603.861279121225
2023-03-22,-3335639.1546103354,-74707.24104839138,-4525.510078205334,4383.008028936337
2023-03-23,-3334249.0541472165,-67546.83652980143,-4710.0159617137015,4366.990303976261
2023-03-24,-3350826.5308338013,-64058.38275991738,-4158.669687090922,3606.45250330255
2023-03-27,-3262875.960060301,-55477.164237450495,-4075.418650628447,3690.8365238380725
2023-03-28,-3530108.1746557234,-62280.07614068375,-4765.807746149314,4797.051411024786
2023-03-29,-3512907.9141963883,-61893.06291065965,-4962.73079729556,4734.425833023448
2023-03-30,-3544327.8458624594,-62149.14192650827,-4895.285935819861,4724.859391149404
2023-03-31,-3545348.0874048173,-59780.04499683842,-4740.6088260879405,4368.232445839431
2023-04-03,-3426717.7552971346,-56820.59081234722,-4572.303758695862,4111.083749869098
2023-04-04,-3594381.6719807712,-57187.56538737783,-4477.00861219962,3922.116709651545
2023-04-05,-3690281.299572504,-63387.992313149465,-5028.393185430743,4950.780048629478
2023-04-06,-3580378.798264754,-62783.7930159699,-5059.552225455533,4865.869306293081
2023-04-07,-3591904.947999213,-60264.781132619115,-4914.376274158775,4570.701773492816
2023-04-10,-3568762.650898096,-60998.402597607965,-4697.177803459517,4469.555519818302
2023-04-11,-3537625.344462218,-60459.36206342461,-4665.303370718604,4407.950480834199
2023-04-12,-3657056.9154269686,-59100.43308905806,-4573.544654589223,4202.6601569773875
2023-04-13,-3656826.8977726838,-64229.232309325234,-5031.025032519484,4916.311632182993
2023-04-14,-3572517.638095539,-61911.48881107178,-5154.505061746611,4868.140641457172
2023-04-17,-3568797.802580001,-60237.879865744595,-4901.275936532722,4518.788847868252
2023-04-18,-3594190.6531056967,-58188.943637094715,-4795.927133747962,4237.578685727768
2023-04-19,-3474349.702499562,-56370.172924369916,-4766.120179451769,3990.5887788890304
2023-04-20,-3653318.2248901925,-64229.31374478022,-5124.226300183374,4909.92877992212
2023-04-21,-3592267.280496713,-63739.70021386326,-5103.9868705518875,4631.39251387766
2023-04-24,-3621023.8120244327,-62185.48921926654,-5040.875687875743,4715.208714225475
2023-04-25,-3630349.9938049694,-60687.570374800045,-4739.048857976476,4555.874677806697
2023-04-26,-3607980.2060629255,-59572.8845236109,-4602.180858087543,4276.477767111804
2023-04-27,-3632238.207048743,-59905.078628770876,-4633.4316342720695,4282.571766994185
2023-04-28,-3671735.567653642,-60439.678512856684,-4637.79040313606,4139.631561263071
2023-05-01,-3574125.6871738276,-59536.18050243284,-4481.724416896283,4293.766002884597
2023-05-02,-3620182.201481523,-61320.111991574,-4864.206375476995,4936.077273306532
2023-05-03,-3710403.984858184,-53126.167818628935,-4283.227879772727,3452.575956408778
2023-05-04,-3679024.926958154,-53079.55996413918,-4198.22161903485,3686.539753068437
2023-05-05,-3571297.1190960016,-55112.58502838463,-4625.580517667963,4246.749156710975
2023-05-08,-3439619.3853826663,-53936.13151981639,-4435.4741789432455,4310.231043088651
2023-05-09,-3593350.8890330424,-49100.116899714936,-4087.505036246384,3284.9803369883666
2023-05-10,-3535104.5733541683,-48909.33041182115,-4273.849431176534,3706.553180151398
2023-05-11,-3630281.0276324837,-59960.91353815306,-4904.327933627947,5239.774769985678
2023-05-12,-3633356.037773086,-60442.63370562715,-4727.10373439779,4870.941610974847
2023-05-15,-3546982.7916467786,-51711.65537873525,-4487.393714486269,4439.755903315834
2023-05-16,-3550065.8978628702,-54839.39643837649,-4488.991728041286,4199.6270728379095
2023-05-17,-3566590.3661601027,-54951.59090384316,-4475.79535454865,4138.099846415963
2023-05-18,-3537399.440640436,-63776.312538356695,-4414.048476642476,4523.192211294454
2023-05-19,-3582472.0215401747,-57100.59905264196,-4401.872027795395,4162.604565376523
2023-05-22,-3558170.923926291,-58429.01992974961,-4745.74617115244,4815.761236542543
2023-05-23,-3537193.8208215646,-58523.001786315894,-4665.502040284865,4664.12051224245
2023-05-24,-3504796.291625557,-57451.366544592405,-4584.062172337603,4302.81732997511
2023-05-25,-3489194.1194792665,-58320.72352926524,-4386.614212657655,4311.318170913038
2023-05-26,-3546257.4743462955,-56164.42101812223,-4305.095643984478,4162.780654632759
2023-05-29,-3550855.749528982,-57098.19196797204,-4024.312219627732,3541.5375070017685
2023-05-30,-3507838.5578590925,-56919.07250095383,-4078.010414521428,3937.3715060799327
2023-05-31,-3650427.3816298693,-59712.05017674061,-4623.559133917237,4621.723452415123
2023-06-01,-3640625.081417904,-58442.358174067645,-4565.886971611429,3934.19594380622
2023-06-02,-3560893.828557956,-58559.054476077545,-4468.575379571625,3813.811231650843
2023-06-05,-3604087.177857561,-63256.16723751531,-4931.59243777994,4924.879105123435
2023-06-06,-3580108.8251237473,-63101.56386314593,-4819.597656094012,4629.066211061711
2023-06-07,-3576781.065039993,-63127.663552609,-4736.924993281888,4548.651948467159
2023-06-08,-3674931.543677368,-59363.09304079879,-4404.302370772515,4239.435191662863
2023-06-09,-3639557.883052473,-58855.268063437274,-4324.4518245730205,3894.9564896510533
2023-06-12,-3773085.037634967,-68296.73075552756,-4656.59252821862,5071.204130016275
2023-06-13,-3715844.0229626666,-71708.08375173491,-4556.409675868733,5025.320568859865
2023-06-14,-3751287.0370878456,-70528.35359311286,-4483.750808428719,4908.929516601809
2023-06-15,-3788378.2873774962,-71855.21785643393,-4411.850950054106,4953.792540027929
2023-06-16,-3951959.4564753417,-77530.4608837388,-4766.225584475383,5640.741949708674
2023-06-19,-3771307.909633444,-72320.90880429353,-4695.923473556735,5106.607072950312
2023-06-20,-3656640.3382442724,-75532.85431566124,-4597.337807321999,4465.728300339293
2023-06-21,-3711597.22752763,-90364.84548016779,-5170.056489504599,5898.891975245958
2023-06-22,-3671114.7303017345,-97723.49348695322,-5035.975061268382,6249.116154266966
2023-06-23,-3714186.926640626,-85253.93368376652,-4898.266551343209,5470.600369120575
2023-06-26,-3625396.5853930498,-77976.72345367234,-4668.751934817854,4945.726532756965
2023-06-27,-3644234.7597959316,-76033.72982682611,-4605.231871751104,4796.739218915797
2023-06-28,-3616840.583178479,-73638.24895018582,-4434.780562131526,4460.367681265699
2023-06-29,-3625522.7644643947,-74183.55091612363,-4328.198265856108,4262.338717237041
2023-06-30,-3566763.306025724,-72361.92801858674,-4742.775796136162,4576.212309654288
2023-07-03,-3486920.536353538,-67619.40987183148,-4670.58081587538,4192.130411754338
2023-07-04,-3429877.732419467,-64613.45575268165,-4606.6583979644065,3875.8899945341213
2023-07-05,-3426671.077920012,-69498.98748400265,-5099.434488122072,4691.681235511599
2023-07-06,-3402391.350292602,-77135.11050444267,-4983.790871438779,4625.062459245865
2023-07-07,-3504411.836009607,-72999.95504326097,-4903.500273942829,4318.04427105156
2023-07-10,-3454181.432349453,-72515.40341086293,-4686.11423575651,4031.4070662914164
2023-07-11,-3455749.4693933255,-72004.51434843556,-4648.329987276958,3936.349978112922
2023-07-12,-3743096.1155171525,-71742.14795417072,-5088.707675890153,4655.316935040348
2023-07-13,-3869034.937507548,-67706.99402950227,-4780.291870476739,3596.740135207415
2023-07-14,-3925755.004587638,-66672.3517680906,-4700.048413605787,3513.2311637220973
2023-07-17,-3921186.3395098997,-65017.90886081826,-4602.601902644668,3392.8549912759995
2023-07-18,-3943534.1020070785,-62421.80877308957,-4461.0579467533325,3219.308301455507
2023-07-19,-3973146.306388287,-66020.71017470169,-4875.155977990915,4060.4845375380146
2023-07-20,-3920166.8347000633,-67112.85891067924,-4892.373846339626,4174.802049203779
2023-07-21,-3881265.5000273916,-67780.15221962679,-4797.128187830284,3911.9715546308516
2023-07-24,-3849030.2800044296,-66975.52777643644,-4564.903109083757,3520.8544714784985
2023-07-25,-3875211.576734787,-63584.50185839033,-4495.286733845905,3183.854987363693
2023-07-26,-3858144.637703954,-61296.964656294105,-4463.545937955183,3015.176013142893
2023-07-27,-3766209.171492026,-64652.951286392,-4469.52974142208,3085.1183768539145
2023-07-28,-3859318.7966130176,-64564.659057240875,-4328.972360629138,3133.596793928625
2023-07-31,-3806064.0233541266,-65245.956738890316,-4364.381506019546,3567.5954767682206
2023-08-01,-3757363.257621063,-66597.05517132918,-4333.834271738129,3594.694506370799
2023-08-02,-3700773.4642953305,-68655.12211180259,-4269.01453928534,3445.690889697176
2023-08-03,-3622518.89231173,-68466.04079080957,-4357.741146634508,3455.5583070258463
2023-08-04,-3691551.0165794375,-78209.54131382753,-4697.911577682171,4571.663023979484
2023-08-07,-3573434.3429282783,-76065.32833420146,-4617.082316634222,4073.4539313306286
2023-08-08,-3560566.4657850605,-80714.8154147038,-4437.090079958692,4063.2304784570783
2023-08-09,-3540858.1453171084,-81367.18539594382,-4386.998164578836,4025.069167834869
2023-08-10,-3569392.3606203618,-80628.48538040015,-4190.708182301245,3880.946641135894
2023-08-11,-3538687.559168612,-74514.97612366713,-4436.323952791279,3891.139294752008
2023-08-14,-3556857.5973198335,-78059.4475267052,-4258.794151132297,3745.7321031166007
2023-08-15,-3531046.8765539033,-78862.23519211034,-4227.076636389068,3898.526699357754
2023-08-16,-3515371.696293353,-79513.31418141499,-4253.74242353635,3953.2246461024324
2023-08-17,-3534518.8846996683,-70301.75344725988,-4151.210018937849,3911.723760561336
2023-08-18,-3593986.008151308,-65067.67110035117,-4098.448818745394,3578.915316427024
2023-08-21,-3602210.764188024,-71272.11193417171,-4287.695769803591,3869.564781542681
2023-08-22,-3603607.815340762,-70014.51702780237,-4274.616143828509,3707.9394188792203
2023-08-23,-3688790.5665174136,-65058.218031410914,-4142.742416085361,3456.103737791058
2023-08-24,-3657635.9262484107,-62900.30596177771,-4215.776830759016,3852.4013796717736
2023-08-25,-3691948.444198005,-62908.13204734301,-4111.1595956560595,3659.515598156806
2023-08-28,-3756889.2337394855,-60385.81141500678,-3974.4990187582052,3488.8198423000717
2023-08-29,-3876123.242056314,-67023.67390461701,-4371.45261177028,3926.260758226697
2023-08-30,-3826094.27155029,-67524.55351882539,-4389.009581181495,4221.157914278775
2023-08-31,-3811570.5969343493,-65716.42846181788,-4287.777050865031,3881.7475721686815
2023-09-01,-3758387.6437008153,-68031.87689155801,-4176.83838197225,3729.8259327493374
2023-09-04,-3776806.585962244,-76084.92167658637,-4527.634598670914,4458.3254706749485
2023-09-05,-3805677.0324310744,-78293.92684566403,-4411.093722715884,4298.237788950991
2023-09-06,-3765079.4815800968,-82114.81154116569,-4373.659554735905,4415.732947091935
2023-09-07,-3749100.01927278,-82437.33246754353,-4363.93113899485,4492.102233995112
2023-09-08,-3718077.1326552792,-78321.243017277,-4246.047276651987,4545.447465657858
2023-09-11,-3708760.038578377,-83651.10308517858,-4549.016202729708,5342.5615590859215
2023-09-12,-3690469.3327584993,-77777.81677295243,-4520.244472423834,4871.256203104895
2023-09-13,-3674092.3047235017,-79242.84884652769,-4442.794925364922,4896.103914001935
2023-09-14,-3648187.8320267205,-81089.53608225817,-4374.951319536829,4869.360916210804
2023-09-15,-3704870.979992693,-78641.58850848071,-4299.269742441098,4781.367632533932
2023-09-18,-3689335.5251148385,-66941.99184257456,-4080.494330216411,4118.624465897649
2023-09-19,-3610853.9166613054,-73256.58536969582,-4607.880252790458,5309.200727847996
2023-09-20,-3590839.4816272072,-72146.91528007388,-4530.2692319833595,5279.7813578489395
2023-09-21,-3585537.1522290916,-70681.85505831524,-4596.520499655211,5523.834810438402
2023-09-22,-3595447.407489013,-65996.63348253808,-4340.688205274606,4487.766669954889
2023-09-25,-3502864.768412497,-53547.73938705124,-4159.241687460231,3990.4971453168264
2023-09-26,-3650592.391684381,-51710.847548884274,-4105.931518751918,4446.220738488573
2023-09-27,-3634208.10689623,-53737.696710539916,-3953.3297024153285,4001.2344681154214
2023-09-28,-3641738.755739506,-55301.60262085821,-4470.590002761992,4859.820133767103
2023-09-29,-3554698.1296560876,-58035.337213177634,-4326.157430803746,4799.816961171225
2023-10-02,-3415519.7693568957,-66780.6154692619,-4016.1253527671724,4865.5404673135345
2023-10-03,-3312611.795047999,-53337.182033622994,-4335.885637374564,4772.376591104926
2023-10-04,-3286370.6407029093,-51543.410873469664,-4183.351331844579,4521.285397164198
2023-10-05,-3268368.3106085565,-52109.953935008,-4308.513403648881,4633.220670731363
2023-10-06,-3359951.08227108,-50161.450691912665,-4143.688571046744,4310.512863433111
2023-10-09,-3397287.3292196207,-47749.06723072494,-4063.9550617291807,4649.14615910552
2023-10-10,-3397975.232258436,-45022.36186563476,-4567.4206758487135,4969.212567204476
2023-10-11,-3414131.7375628534,-46127.84132901274,-4494.742630118761,4766.675934342752
2023-10-12,-3345575.8208905803,-46713.92637284343,-4238.606561632703,4728.074905844622
2023-10-13,-3521164.5660274173,-45807.096120554444,-4028.45929091683,3880.565889769613
2023-10-16,-3471060.760446559,-43309.57084097342,-3923.524951138452,3296.351946401216
2023-10-17,-3368345.3872665805,-40290.22118666374,-3767.761717838736,3029.882971415541
2023-10-18,-3387744.234140623,-40138.51483307339,-3772.960499189078,3138.198322405211
2023-10-19,-3522209.531338547,-42440.3209023754,-4089.3779847331134,3695.3467847122897
2023-10-20,-3558183.454006765,-40984.097409395516,-3803.547076738237,3526.108293761762
2023-10-23,-3543404.95912803,-55017.02599677263,-3734.1106179419066,2889.4684235902214
2023-10-24,-3603673.591588108,-42580.15990117716,-3522.874541976736,2978.9698771681774
2023-10-25,-3601587.90479429,-39832.558115606225,-3661.7007441146766,2938.643688006651
2023-10-26,-3630529.2497337633,-41605.785485494285,-3413.515465866628,2808.95773772106
2023-10-27,-3658273.943812467,-39999.53934988991,-3367.2271264305114,2746.4428691267526
2023-10-30,-3566922.858137041,-45724.28741588364,-3815.6371212872546,3655.538463466649
2023-10-31,-3567727.408651922,-47327.476494432885,-3500.0181359982234,3406.7594630197204
2023-11-01,-3569287.1913878527,-46921.81582073186,-3512.628924995846,3373.993062168476
2023-11-02,-3528869.5617155996,-48056.94489530224,-3413.7726610995846,3227.7382315707846
2023-11-03,-3655983.5513348654,-51085.81964434583,-3846.7133502244214,3879.415265546486
2023-11-06,-3566209.6799629326,-45951.75491820201,-4069.365990553392,3301.439024035708
2023-11-07,-3478237.584678251,-46614.061511179214,-3995.795836902591,3200.46125078712
2023-11-08,-3469943.5352182626,-45843.80199123791,-3853.7636447257114,3082.8195017401927
2023-11-09,-3350199.487345309,-45529.06353282636,-3787.106135477751,2947.6962400498173
2023-11-10,-3620490.914319864,-50719.4504136955,-4229.94586793574,3801.2382155562473
2023-11-13,-3652483.8986150837,-48383.91831100011,-4116.358665627555,3456.5692958158293
2023-11-14,-3734608.10804888,-47510.33503210213,-4038.6081264076424,3213.8828320494144
2023-11-15,-3764721.75288976,-47599.424543545756,-4110.103992883194,2889.466024926529
2023-11-16,-3764841.413905757,-45826.363823185835,-4035.8633120600434,2745.828055536051
2023-11-17,-3775446.01775054,-46376.85269358142,-3989.5579286223124,2689.8719197574956
2023-11-20,-3884066.311832969,-58274.22967190281,-4466.904507193816,4384.333079805775
2023-11-21,-3976013.033643607,-71496.30304749587,-4276.818659767893,3544.009620410448
2023-11-22,-3960640.1282793484,-56762.47092498472,-4144.235576161533,3816.314016299652
2023-11-23,-3983311.1122624623,-72933.99307895603,-4152.668160374175,3666.663371858767
2023-11-24,-4016748.6645555324,-54191.51523502896,-4168.578963433014,3641.6119871853693
2023-11-27,-3778564.9527883176,-47555.65099266414,-3966.3899310352813,2884.048744139893
2023-11-28,-3947196.042733964,-58945.49069454688,-4101.315575542783,2960.4534346516693
2023-11-29,-3942166.6642817687,-57992.25255027781,-4031.3837859305436,2556.3608786633918
2023-11-30,-3968322.070758695,-55849.87464594758,-3943.113436704035,2501.223694920586
2023-12-01,-3950066.135128562,-54709.68546335031,-3870.3370734589007,2375.248160264807
2023-12-04,-3658348.166698344,-60239.711388788885,-4272.756525548331,3126.257214397436
2023-12-05,-3696668.0697367964,-59556.7989509012,-4225.635731464725,3079.345168129046
2023-12-06,-3695527.7197001525,-58324.395223431195,-4131.627873015283,2867.1802524638547
2023-12-07,-3652377.9874799126,-59561.3533171086,-4154.277809538178,2877.7869175835513
2023-12-08,-3595716.9423438967,-66661.984463286,-3868.3366015015995,2759.4043186340227
2023-12-11,-3509551.0522518507,-77539.89156678574,-4413.198354507164,4608.827527008237
2023-12-12,-3454145.0346674817,-71565.34446009593,-4223.5677357621025,3611.4111649038186
2023-12-13,-3519521.1707677986,-61974.7494080887,-4293.52415916975,3166.049626843676
2023-12-14,-3543959.3894801526,-57444.655373623624,-4102.010339267244,2609.5774433986808
2023-12-15,-3503352.2350655934,-59473.383244948775,-4169.84904403319,2665.2147742577017
2023-12-18,-3377617.623734452,-57330.914438009,-3738.42615147817,2496.820400430799
2023-12-19,-3350090.3777283463,-59599.47961937774,-4374.319460129568,3337.7743333722315
2023-12-20,-3316983.1634857305,-57392.885975912104,-4276.432149927537,3087.3785938171577
2023-12-21,-3327541.1656967835,-55423.65659840445,-4197.803881332485,2918.2625883862747
2023-12-22,-3335793.1277576825,-56646.9307780842,-4110.650981301955,2716.335857651515
2023-12-25,-3240447.891508468,-55614.78893749752,-4003.4540851452903,2686.1726386242944
2023-12-26,-3348248.005150715,-55109.9680567802,-3890.7158125598135,2531.015181306182
2023-12-27,-3236631.113707864,-57619.3282391003,-4365.206492455634,3338.5107810403606
2023-12-28,-3166760.822520408,-49684.94779374379,-4434.108152154411,3516.001282637497
2023-12-29,-3134636.0926266457,-51127.98585347392,-4416.851576374424,3507.0246939207314
2024-01-01,-3029897.3847304652,-47743.03957575876,-4164.369325267582,3002.6048337240904
2024-01-02,-2947782.7990409383,-49912.03307349765,-4657.677130527788,3709.0293982061958
2024-01-03,-2981991.671454347,-51996.76230857778,-4527.4622725984855,3405.196001721152
2024-01-04,-2986824.278972636,-51475.4700389311,-4474.199490397288,3419.448066858528
2024-01-05,-3011730.7981814286,-49038.210049734334,-4408.536287709222,3147.761772761394
2024-01-08,-2842423.15800675,-47361.05963941821,-4249.930727031169,3114.624570482341
2024-01-09,-3005904.786019709,-51409.79160359325,-4660.825534017993,3812.640792018668
2024-01-10,-3022557.1491161394,-51629.09971588318,-4558.68495686121,3727.462788436969
2024-01-11,-3002719.4799542613,-51378.17141666892,-4483.185499497861,3643.584467879608
2024-01-12,-3078259.360790436,-48604.08895972839,-4359.711201618585,3125.6584837443484
2024-01-15,-2984341.800167497,-46752.94641826644,-4108.5445119760625,2675.610868977967
2024-01-16,-3027903.09537136,-47068.43701514489,-4126.129197824521,2766.6116947291525
2024-01-17,-3051882.572115669,-58597.35797287627,-4509.158299037875,3973.646379677798
2024-01-18,-3019024.5217258097,-59246.34837661586,-4461.554617799428,3846.013256814269
2024-01-19,-3007421.414221682,-59910.47018401754,-4359.582368432872,3552.873411210948
2024-01-22,-2959681.2584205754,-64552.02402765404,-4137.946245143896,3470.641639442209
2024-01-23,-3091579.217823341,-56385.09389475574,-4085.756030483365,3125.584441255515
2024-01-24,-3044017.6277698167,-49100.22436868975,-4054.4393397433378,2761.349524085058
2024-01-25,-3073017.375004851,-47225.41640590927,-3971.848997999167,2731.2971717555015
2024-01-26,-3052535.4317345736,-46453.41521479202,-3907.3816883137933,2702.65019960398
2024-01-29,-3015965.112206512,-44941.61283074661,-4194.895960570175,3047.616495076151
2024-01-30,-3015461.5863040006,-44324.865591485315,-4126.788563046027,2826.495239139685
2024-01-31,-2895848.758401012,-44502.20885852444,-4078.056844011101,2549.099384844868
2024-02-01,-2917641.5669797547,-42880.98282653694,-4050.000465095643,2547.264634594538
2024-02-02,-2940963.6704665767,-46922.38203269192,-4468.059922672946,3559.3847521703397
2024-02-05,-2874565.629768271,-47776.41930193836,-4283.085028431772,3068.5172792337166
2024-02-06,-2885981.1093494305,-47736.090979265835,-4241.252289173389,2952.0022817482923
2024-02-07,-2817279.9558142903,-48628.26991134856,-4160.01483343998,2866.638472454259
2024-02-08,-2792043.1429150803,-47836.51331494746,-4102.662022760543,2795.7877396550266
2024-02-09,-2934843.3160391594,-49344.74164042645,-4482.841813826098,3420.8713682093503
2024-02-12,-2994178.605319606,-48768.615297095464,-4314.660208430951,3234.2495883265788
2024-02-13,-2938698.643179293,-50778.6985139814,-4241.49479152941,2999.044819603872
2024-02-14,-2962578.75519736,-49212.380560463906,-4187.083198707986,2912.5229049262025
2024-02-15,-3011953.774588434,-45609.762520018245,-4122.589254699369,2830.5031326978897
2024-02-16,-3071475.1351416917,-42978.029956986524,-4052.4248372451193,2753.270488080488
2024-02-19,-3310124.126325588,-53480.00375003662,-4398.082810070371,3880.833328208259
2024-02-20,-3334011.9184221555,-54484.911326220674,-4273.52907065208,3791.527962163806
2024-02-21,-3329360.2549653864,-55326.95239876964,-4222.724190659432,3853.974383783313
2024-02-22,-3326653.317404428,-56056.39419707667,-4172.4042182433595,3850.987799087132
2024-02-23,-3412514.726444044,-54915.42617171812,-4083.229446731229,3770.5418385586945
2024-02-26,-3151660.8185503427,-47461.14311111997,-3859.9251100420856,3137.470122636253
2024-02-27,-3076248.357788803,-49774.72865781838,-4210.8506120061675,3757.885770478654
2024-02-28,-3077066.6051826566,-49393.9783018102,-4123.343358615006,3609.63615176978
2024-02-29,-3093925.59662265,-48154.0181042929,-3990.9647151137815,2952.134081401284
2024-03-01,-3209798.9510499905,-44508.101739131926,-3685.0841600944955,2056.4832039525077
2024-03-04,-3074103.8295583795,-41545.93755588811,-4118.0449857972,2954.794166422774
2024-03-05,-3165669.326746119,-41426.735664119245,-4019.849649378239,2704.2820717473955
2024-03-06,-3215927.738473842,-39278.49962227113,-3942.5906232926304,2900.7033162886655
2024-03-07,-3220514.524463696,-38481.35404697166,-3940.908451700922,2891.894039576416
2024-03-08,-3189779.361782399,-38506.777685118184,-3855.7220845216166,2836.1251933437825
2024-03-11,-3010630.1419367185,-44019.013455598164,-4358.918498489188,4094.6299192956562
2024-03-12,-2962766.2418611664,-45456.539599786454,-4269.817743120773,4106.532126890461
2024-03-13,-3040162.376088842,-42253.97445480379,-4116.945809450159,3650.910899004474
2024-03-14,-3017107.426031759,-42720.07411542699,-4086.472627379275,3718.014530316767
2024-03-15,-3006358.805424666,-43202.67944004346,-4040.256425080063,3682.799047166174
2024-03-18,-3042830.390363866,-38409.704257128236,-3839.5294334765485,2704.364068212326
2024-03-19,-3027371.8999250587,-39326.77471771027,-4087.945970824793,2965.223687365835
2024-03-20,-3089435.7644181917,-36423.527160850696,-3997.251404645574,2835.5893318176995
2024-03-21,-3065166.9970386154,-37106.539137706415,-3931.593296272641,2837.7152156167995
2024-03-22,-3044113.1938999295,-37155.09120191397,-3873.2470671459523,2640.5120937668944
2024-03-25,-3120685.484116508,-34936.177522771366,-3713.028319740071,2359.7431351908526
2024-03-26,-3022051.9915297027,-34326.44759534935,-3651.6949225295616,2284.885600765227
2024-03-27,-3075506.0624350393,-35213.67771996897,-4035.143549856936,2809.447761853306
2024-03-28,-3131051.056791215,-33388.895430544864,-3951.207905149951,2303.8305531820697
2024-03-29,-3076757.4887874057,-32991.091656582474,-3899.772289662092,2223.1291534060388
2024-04-01,-2992051.5675296476,-31000.601387795108,-3791.209570414456,2158.188474745795
2024-04-02,-3208721.8729385925,-31211.272291740577,-4142.487630086342,2976.14670383981
2024-04-03,-3370035.39932577,-29041.63795218846,-3991.537817610276,2844.906622876802
2024-04-04,-3408908.314183199,-33282.268865715756,-3516.9953788486446,2180.8275980459384
2024-04-05,-3469092.332184984,-31353.789202804735,-3437.1022171951045,2198.450916466186
2024-04-08,-3310736.2169714943,-30004.061249224967,-3666.1363372760134,2460.6648085798934
2024-04-09,-3596783.017734166,-31421.840088179786,-4003.7436972074224,3186.178959141882
2024-04-10,-3596283.877327111,-29989.62982286993,-3953.4271990345983,2998.3262750875056
2024-04-11,-3640622.067725928,-32619.590762167216,-4082.484968555539,2704.367256591942
2024-04-12,-3753445.7892857455,-28456.74842590285,-2849.866441902864,1069.2029257407983
2024-04-15,-3824162.4411085076,-23555.72596867791,-2384.97847652929,673.9984313021367
2024-04-16,-3667690.1115412554,-25218.132583090417,-2328.2538083685727,548.0376496653612
2024-04-17,-3849937.9523125803,-35108.83834352652,-2712.3943286122912,1892.1239197851019
2024-04-18,-3891492.7576198126,-36469.08735369632,-2769.306851797245,2387.367172267019
2024-04-19,-3898721.59222397,-34702.75896595077,-2585.685763565514,1935.6357644484224
2024-04-22,-3719885.545188521,-43218.54819029713,-2920.1443714382754,2233.3878785715337
2024-04-23,-3735599.7512635514,-37687.1503586593,-2604.6022877514047,1547.513762029342
2024-04-24,-3750993.5253356793,-33908.653449354875,-2547.6831559534,1187.6637198948042
2024-04-25,-3772747.862010486,-31739.753235397202,-2463.3137334253915,993.4067179262305
2024-04-26,-3766113.2708052527,-32522.921589402864,-2175.3973065062864,1074.7665489722235
2024-04-29,-3787065.3151820893,-33686.39918421912,-2515.971758820939,1607.9322218265029
2024-04-30,-3585132.733541769,-39157.8195985734,-2986.8945396519366,1925.9250066435382
2024-05-01,-3475138.0587029555,-35454.10696596718,-2573.1979273770266,1699.7773198832544
2024-05-02,-3628120.39213756,-36922.36337491378,-2980.9520877613118,2466.6203544122773
2024-05-03,-3585947.683430101,-37590.64320970923,-3164.679092663196,2242.300706641637
2024-05-06,-3755318.998584193,-30224.00830175812,-3003.2430062173294,1610.5105165805296
2024-05-07,-3714130.2949108174,-30155.504076404122,-2938.4340544024913,1476.0429329160193
2024-05-08,-3605554.952045087,-28531.223956549627,-3097.2652839847574,1363.1356425739893
2024-05-09,-3587306.519795942,-27919.572376514665,-3608.3841323812894,2377.4337086364453
2024-05-10,-3641872.360194207,-28462.7836712524,-3324.177129464214,1615.5389110019328
2024-05-13,-3625048.87070241,-27934.679674710565,-3314.5134985591158,1465.7026649714144
2024-05-14,-3667988.75793419,-26399.745453922285,-3246.204339336458,1411.5429655964604
2024-05-15,-3795736.3226034907,-22274.5943808953,-2852.1920949708106,837.3281459379575
2024-05-16,-3787968.990185932,-22496.75495127879,-2948.333431554725,772.7088218248624
2024-05-17,-3795108.8803375256,-21314.28816179888,-3203.7715202129807,1315.0729599807973
2024-05-20,-3663413.5983179985,-24000.98711588864,-3852.237714765048,2402.836638151355
2024-05-21,-3655394.538514805,-20457.2984714084,-3966.928997284227,2596.046941306752
2024-05-22,-3582008.639120401,-25738.535736749007,-3932.038933441935,2191.052901944835
2024-05-23,-3540349.0653354404,-26602.843102034956,-3482.308741468105,1701.57027596074
2024-05-24,-3582272.806512018,-25252.569339752405,-3237.217618483818,1280.974846115238
2024-05-27,-3733669.097211225,-25001.900475734525,-3513.681821831413,1934.1838575656025
2024-05-28,-3697958.3445291305,-25253.68564847703,-3644.1386773201943,1817.0649105520981
2024-05-29,-3680403.386428774,-25158.829434097042,-3459.1231923076466,1920.0254238431855
2024-05-30,-3658758.8929943247,-26166.296618996927,-3472.123953451021,1838.7474373011314
2024-05-31,-3601186.9632465844,-26909.562878182318,-3260.9576889977916,1477.8248853659625
2024-06-03,-3862510.649472658,-28248.1517375664,-3517.1526652422435,2160.6030981159647
2024-06-04,-3756507.828332519,-30975.00500167152,-3509.598932203855,2012.1420644646084
2024-06-05,-3822182.3063875386,-29445.09753669926,-3453.6523859368926,2193.361910548319
2024-06-06,-3905281.185473524,-26188.461035826247,-3327.3944526427595,1910.5210709512617
2024-06-07,-3660611.1323009273,-31264.66070761942,-3554.632902936517,2117.828774521402
2024-06-10,-3579934.724373462,-32940.50434282179,-3949.0157860188783,3179.9549727002113
2024-06-11,-3591821.201600684,-34004.632235897865,-3717.020608752624,2750.0946988553956
2024-06-12,-3608042.3841362386,-33175.6927170437,-3863.7656837873437,2959.192861849927
2024-06-13,-3558994.76555004,-34474.74196353111,-3641.5696431955184,2774.847144201051
2024-06-14,-3611621.3513494683,-34249.26274368503,-3583.3774203125104,2419.747834877699
2024-06-17,-3709422.682272121,-37874.05557732849,-3848.5901481665833,2950.094022209057
2024-06-18,-3674325.3690632433,-35975.43947118545,-3771.612591908036,2746.3341290702106
2024-06-19,-3687043.377561682,-35024.65770794998,-3700.732645746633,2654.0571396097644
2024-06-20,-3738880.8076896938,-33010.365464234186,-3784.6885586812064,2827.1431176471306
2024-06-21,-3602492.828479367,-37851.294785623926,-4086.4908733327043,2905.953049723219
2024-06-24,-3568250.3059051586,-36180.08306041066,-3418.760501676935,2032.5269825234795
2024-06-25,-3541405.6509728194,-36741.96157942093,-3241.882296549516,1674.463161804338
2024-06-26,-3517369.672352819,-35669.216784689765,-3472.555042495592,2062.6310657241083
2024-06-27,-3549442.8690087553,-34228.28296201462,-3401.08415213541,2041.7965941548114
2024-06-28,-3530855.9044680437,-33591.57416823088,-3375.827179238308,1805.1145730240428
2024-07-01,-3450319.220838637,-32010.098899632358,-3215.0192257347494,1774.92396226899
2024-07-02,-3453585.3051843527,-35741.394460703166,-3670.777328462752,2842.5161478751706
2024-07-03,-3496966.570143666,-32864.89400872868,-3896.4024512812202,2590.6988603653576
2024-07-04,-3495344.162649081,-32675.062625127095,-3846.0242532436,2544.7130863496927
2024-07-05,-3567410.8704541163,-29564.063628574306,-3720.66026856847,2234.808231087806
2024-07-08,-3354193.214778455,-28193.06273873291,-3629.6358931170125,2261.2410240947193
2024-07-09,-3475252.3166140527,-30491.540170624045,-4057.5513055728607,2855.356291226482
2024-07-10,-3556979.8159385626,-30256.415710707668,-3963.7219629761344,2716.205325039306
2024-07-11,-3598607.445156746,-25986.11810114677,-3837.026543071842,1847.2255750981508
2024-07-12,-3532407.1177352136,-29543.901428118883,-3932.352576024224,2478.302111580815
2024-07-15,-3517956.675041972,-30106.01757506293,-3467.299972913084,1660.0207324737578
2024-07-16,-3538873.756062818,-28353.90246574994,-3610.644755900366,1936.205963353329
2024-07-17,-3644418.7145146653,-29412.790564593233,-4148.303480510558,2999.370775392923
2024-07-18,-3625919.8717160034,-30319.936269475096,-4083.7755699986983,2802.6887885593965
2024-07-19,-3507171.214821205,-35844.99955092212,-4078.2026014038083,2999.620098448215
2024-07-22,-3535722.3355563288,-36199.25086791158,-3732.5014998021898,2263.262241371031
2024-07-23,-3600129.3596454407,-36573.74476857337,-3694.053405510935,2168.7014146922847
2024-07-24,-3559545.878831123,-37347.12525846129,-3630.646668402594,2101.9160527876143
2024-07-25,-3406798.532473468,-35532.30373319827,-3644.601317406912,2660.5821862625394
2024-07-26,-3483781.44827862,-38836.34487526272,-4298.4419792941435,3722.548936128312
2024-07-29,-3435981.1584662395,-36734.422275472665,-4077.6027125161036,3380.108648458607
2024-07-30,-3395103.2569589606,-34015.508503600235,-3969.678960531812,2958.36017310175
2024-07-31,-3339058.738734818,-31781.44145649026,-3904.458576710512,2705.7211669215
2024-08-01,-3622932.9507474415,-34184.42178354976,-4146.870681320915,3586.7101934106204
2024-08-02,-3600969.80517607,-33401.225779988294,-3533.6956015364103,2737.0347140101258
2024-08-05,-3647796.461937686,-51540.37757588161,-2278.51239926972,474.1725001048444
2024-08-06,-3509096.133910713,-55362.215373830004,-2714.9538072230052,860.490550964174
2024-08-07,-3401173.6722532907,-59840.780481285205,-2399.9622957635233,664.3618771438136
2024-08-08,-3802718.466772028,-51508.556888469866,-2469.9043714441573,1142.6943668479996
2024-08-09,-3814006.3457212322,-52105.63575728756,-2419.9283134458906,819.3995457856378
2024-08-12,-3900362.5235961145,-44188.47770775486,-2190.0825542531943,330.6644280657572
2024-08-13,-3869983.005495897,-45535.547932200745,-2441.0498540216436,601.1529908321215
2024-08-14,-3838218.096958788,-48472.85553569203,-2438.046220360625,599.1583838371596
2024-08-15,-3868409.01058471,-39956.16078161545,-2884.332780698486,841.8021916955321
2024-08-16,-3956590.0895838216,-38896.62947178032,-3237.0700982386074,1959.9975689692872
2024-08-19,-3858976.679206971,-35708.92497178662,-2892.7148686107626,1665.647718900584
2024-08-20,-3860218.527422697,-35800.20593562584,-2751.8966826593646,1640.7127215114667
2024-08-21,-3829639.18777134,-32007.257087750877,-2970.694669320683,2127.913567172554
2024-08-22,-3718896.4181250595,-29509.276498763436,-3315.8918162862656,2548.6732942039994
2024-08-23,-3865193.7770626633,-34833.68490637155,-3121.5868615882596,1761.3497826820792
2024-08-26,-4013460.4823091314,-37110.56732858347,-3474.7463643363694,2883.1695012603727
2024-08-27,-3979597.0974061214,-36624.89425063659,-3538.666886992194,2762.213494338592
2024-08-28,-3945080.6337561063,-40961.950413134975,-3190.7351080580856,2390.4525062679663
2024-08-29,-3871338.6765967044,-36567.153836820486,-3605.368948026794,2754.1093917452567
2024-08-30,-3716743.510310549,-37048.45708038428,-3201.7144142054754,2482.064557920223
2024-09-02,-3792142.3613536493,-39599.31973210662,-3546.081556604411,2917.5938520434474
2024-09-03,-3705006.8017002987,-39865.206036248106,-3380.0873259882655,2446.696747850962
2024-09-04,-3685692.218389991,-39094.35043146144,-3308.6429220953564,2290.2475529009666
2024-09-05,-3755894.3254529727,-35655.749982568035,-2866.0729621922055,1791.9762178465294
2024-09-06,-3591098.617813086,-37991.51408682723,-2843.7958791606734,1886.36374463818
2024-09-09,-3707010.018350835,-66565.89164069176,-3335.719808352845,3098.324988310061
2024-09-10,-3681471.946366347,-58911.23893215702,-3540.9474072708495,3073.5181646376964
2024-09-11,-3667671.090821483,-59628.78680600222,-3833.8765017715655,3265.243294845644
2024-09-12,-3756592.4670476797,-53374.34466504505,-3758.946123438074,2742.9231013516683
2024-09-13,-3750214.555223448,-27063.0409629267,-3788.833972476849,2905.5652052633845
2024-09-16,-3972459.0775183057,-38206.27193293309,-4133.857447735567,4049.1833698297664
2024-09-17,-3970685.500918976,-39135.94507662416,-3775.7690233358103,3254.1441674790062
2024-09-18,-3934717.3858170407,-40801.01915052854,-3712.8796640110386,3136.150575347822
2024-09-19,-3999273.3563065357,-37534.75988653658,-3809.464516011001,2644.6507273675834
2024-09-20,-4009658.2247075983,-29838.591273806305,-3918.8224929415364,2793.580692963012
2024-09-23,-4013465.9219088154,-29018.600331655216,-3731.89801977149,2579.0667296880506
2024-09-24,-4163713.2106819665,-30024.22694593212,-4146.629923149788,3188.1526265894463
2024-09-25,-4088934.814976387,-26297.991066595085,-4138.77670489724,3176.053381888383
2024-09-26,-4139829.555466785,-26365.930087000484,-3968.9804159844293,3053.255959451323
2024-09-27,-4053839.659802946,-27025.325066578294,-4048.345543314898,3057.67599816114
2024-09-30,-3917761.3322580713,-26858.372523444425,-4146.808515833912,2990.5081398768484
2024-10-01,-4118049.818711182,-27984.58326110617,-3793.6242880403843,2911.877915038647
2024-10-02,-4219468.986398908,-27341.777801668402,-3949.0748241899305,2873.4386666449086
2024-10-03,-4206611.630644823,-26492.08718250223,-3927.5878042795225,2858.358368312653
2024-10-04,-4233319.410814138,-27427.50735596529,-3942.0255284316418,2549.2642413936264
2024-10-07,-4035944.5539391623,-27159.924656110845,-3853.8189761679846,2494.725004628126
2024-10-08,-4188932.761009485,-35464.08100803053,-4304.187379888861,3505.57394695694
2024-10-09,-4193353.620526456,-35386.339556308565,-4156.143813187118,3534.5867817405765
2024-10-10,-4233737.2694545165,-33744.16581703761,-4161.375441664847,3459.3037595282326
2024-10-11,-4315042.708928525,-29921.61466320672,-3887.2385268849584,2911.686140513292
2024-10-14,-4221269.592365199,-28653.45391039391,-4065.2694473963033,2786.0632474418285
2024-10-15,-4266924.975642833,-29756.04914898027,-4264.920042247457,3296.511975254249
2024-10-16,-4296280.478656784,-29273.833516926752,-4171.860622273765,2966.521139956954
2024-10-17,-4319110.298916879,-30479.41693474225,-4161.047725874116,3262.6297219121284
2024-10-18,-4460957.4578139,-23109.110022722798,-3757.5473095837965,2573.796083896559
2024-10-21,-4505821.462132516,-28847.1731836449,-3239.2607129004177,1955.6138097009841
2024-10-22,-4560259.21885632,-22957.355990273572,-3324.031836674684,2158.300941457035
2024-10-23,-4522861.969279162,-28268.035152403936,-3236.683428526552,2038.0980013109277
2024-10-24,-4484873.553958637,-31797.461035182732,-3274.8266632781897,2062.8904992085277
2024-10-25,-4300704.220211556,-29597.525660683004,-3581.749807099817,2893.9590801585714
2024-10-28,-4280208.098241771,-28867.98668099065,-3408.028924065945,2583.0967152167154
2024-10-29,-4201725.453242804,-26591.047833614633,-3330.9413260709475,2310.155426460351
2024-10-30,-4036339.530922253,-25543.727489084857,-3529.1945652119402,2516.9791051875636
2024-10-31,-4017627.007186996,-31224.472698817186,-3718.252527685937,3062.513701887635
2024-11-01,-4018388.188360075,-37174.882789670824,-3822.0443595866996,2870.93889406176
2024-11-04,-4047469.0669692913,-32137.801987244857,-3370.5153063468797,2387.5347892818213
2024-11-05,-3932682.9044839474,-30339.73186985309,-3562.537352848957,2401.0658643487277
2024-11-06,-3790063.8863274674,-47509.41436160705,-3250.281024899826,2014.8842176710964
2024-11-07,-3828162.2913185246,-58537.48080702309,-3746.818718508806,2786.731200195483
2024-11-08,-3762814.667209555,-52966.4198021121,-3997.877095201036,2684.597293339093
2024-11-11,-3742961.637789888,-37542.23416510452,-3820.166965663147,2519.9408871643473
2024-11-12,-3716546.431227077,-43563.01844835879,-3803.108224570358,2595.714201610772
2024-11-13,-3710673.8293674644,-44265.58617085322,-3481.9155022189207,2458.380360757158
2024-11-14,-3823474.9749958017,-42468.39564582609,-3462.957006892094,2175.360720894223
2024-11-15,-3698063.5313392985,-47142.12525191672,-3929.9103150040555,3381.7874978666687
2024-11-18,-3727027.451056203,-40342.18660590999,-3774.741527959882,2564.007843465915
2024-11-19,-3735714.3187307366,-36583.13484974531,-3258.4818750299264,1728.9208805415608
2024-11-20,-3732361.715740215,-37140.49159347156,-3365.4685665311627,1948.9793529165129
2024-11-21,-3847550.6874297154,-35701.992974307876,-3018.0802004039997,1632.5780649366222
2024-11-22,-3917466.3327943063,-33769.50903746438,-2860.879013596229,1427.2078298441756
2024-11-25,-3714264.840343558,-40295.95747989592,-3321.3809408301277,2369.684718188408
2024-11-26,-3701844.938741735,-40031.96106252998,-3341.7110602933994,2341.310327142354
2024-11-27,-3656163.9510137313,-40650.02464100198,-3318.4818698151003,2422.7483940343036
2024-11-28,-3704776.2568198126,-40495.89794121596,-3499.3929623407917,2533.4050971793044
2024-11-29,-3647870.2245449536,-39225.329694966844,-3705.4045978574873,2482.1827351960105
2024-12-02,-3860592.481204543,-42890.7347925387,-4138.123071436833,3136.2382900957687
2024-12-03,-3871828.450271548,-39823.808278635785,-4095.5216083496284,3072.2896184936953
2024-12-04,-3888342.121592501,-39013.8874169201,-4356.085844437403,3046.6216666900277
2024-12-05,-3884538.2698885496,-40073.11366515899,-4323.287296069364,3213.4314255717154
2024-12-06,-3779179.1014409997,-38674.02238596669,-4231.835883097317,2854.869392064735
2024-12-09,-3809077.235633746,-35630.61127132837,-4562.184281268696,3539.087790039851
2024-12-10,-3831868.7616429944,-34963.59691116554,-4430.359702336861,3235.8947439072044
2024-12-11,-3856365.8965546093,-35067.00609982997,-4350.7055262466565,3023.263753576046
2024-12-12,-3784232.2246398074,-35811.12231642829,-4327.986283112677,3055.520771134874
2024-12-13,-3770026.6944700824,-36578.33452151186,-4272.9414899126095,2912.9300951432024
2024-12-16,-3873650.106790205,-40785.89429349852,-4558.410631505289,3626.922473649926
2024-12-17,-3853194.939448337,-40231.614017585045,-4517.0838189835,3538.5451263405907
2024-12-18,-3760082.9127368126,-42601.09846019245,-4422.541474138378,3671.837293072073
2024-12-19,-3819453.02140173,-44103.28332374434,-4077.608945615828,3474.6363599792785
2024-12-20,-3861482.5253038364,-42104.89919282921,-4036.580029156959,3127.150100536065
2024-12-23,-3763573.1637660307,-38608.15547519657,-3877.2689805250466,2908.2208837239914
2024-12-24,-3718116.737160885,-40846.6161718522,-4259.520608047074,3672.653761267167
2024-12-25,-3736426.488340358,-41801.907615071046,-4192.987377625096,3691.877683851395
2024-12-26,-3769550.9425539053,-41163.87397481205,-3918.5680244885834,3360.3808075145284
2024-12-27,-3732312.591872747,-43217.76453532404,-4073.32570940932,3608.2617381136033
2024-12-30,-3534114.7938982993,-37634.63286505564,-3890.886115185292,2879.9881833786703
2024-12-31,-3638105.2423991724,-39358.553602450454,-4328.166074850837,3794.2876621152914
